repo,contrib_md
adrianaguirre/theo,adrianaguirre/theo/blob/master/CONTRIBUTING.md
obfk/buildmaster,obfk/buildmaster/blob/master/CONTRIBUTING.md
Anourian/codetoads,Anourian/codetoads/blob/master/CONTRIBUTING.md
Nexapp/react-starter-kit,Nexapp/react-starter-kit/blob/master/CONTRIBUTING.md
lnogues/superdesk-client-core,lnogues/superdesk-client-core/blob/master/CONTRIBUTING.md
mimiflynn/mebrn-contacts,mimiflynn/mebrn-contacts/blob/master/CONTRIBUTING.md
pawelniewie/zen,pawelniewie/zen/blob/master/CONTRIBUTING.md
peter-suggate/Vibrato-Assistant,peter-suggate/Vibrato-Assistant/blob/master/CONTRIBUTING.md
vesparny/morpheus,vesparny/morpheus/blob/develop/CONTRIBUTING.md
wilsonfletcher/keystone,wilsonfletcher/keystone/blob/master/CONTRIBUTING.md
ozone-development/ozp-react-commons,ozone-development/ozp-react-commons/blob/master/CONTRIBUTING.md
mozillascience/PaperBadger,mozillascience/PaperBadger/blob/master/CONTRIBUTING.md
madbook/persephone,madbook/persephone/blob/master/CONTRIBUTING.md
fredericksilva/teach.webmaker.org,fredericksilva/teach.webmaker.org/blob/develop/CONTRIBUTING.md
DanielHabib/Float,DanielHabib/Float/blob/master/CONTRIBUTING.md
virajkanwade/kitematic,virajkanwade/kitematic/blob/master/CONTRIBUTING.md
zmGitHub/turbo-admin,zmGitHub/turbo-admin/blob/master/CONTRIBUTING.md
Anomen/universal-react-redux-starter-kit,Anomen/universal-react-redux-starter-kit/blob/master/CONTRIBUTING.md
Redmart/keystone,Redmart/keystone/blob/master/CONTRIBUTING.md
PalmasLab/palmasplay,PalmasLab/palmasplay/blob/master/CONTRIBUTING.md
banzai-inc/react-d3,banzai-inc/react-d3/blob/master/CONTRIBUTING.md
bjmin/bjmin.me,bjmin/bjmin.me/blob/master/CONTRIBUTING.md
carlpeaslee/tictacturing,carlpeaslee/tictacturing/blob/master/CONTRIBUTING.md
Dinesh-Ramakrishnan/grommet,Dinesh-Ramakrishnan/grommet/blob/master/CONTRIBUTING.md
concoursbyappointment/keystoneRedux,concoursbyappointment/keystoneRedux/blob/master/CONTRIBUTING.md
ptim/react-redux-starter-kit,ptim/react-redux-starter-kit/blob/master/CONTRIBUTING.md
sanack/atom-jq,sanack/atom-jq/blob/master/CONTRIBUTING.md
mikaoelitiana/keystone,mikaoelitiana/keystone/blob/master/CONTRIBUTING.md
ozone-development/ozp-hud,ozone-development/ozp-hud/blob/master/CONTRIBUTING.md
WikiEducationFoundation/WikiEduDashboard,WikiEducationFoundation/WikiEduDashboard/blob/master/CONTRIBUTING.md
yoocky/nodecms,yoocky/nodecms/blob/master/CONTRIBUTING.md
svsool/react-redux-universal-hot-example,svsool/react-redux-universal-hot-example/blob/master/CONTRIBUTING.md
codeforsanjose/economic-indicators-dashboard,codeforsanjose/economic-indicators-dashboard/blob/master/CONTRIBUTING.md
dillondrenzek/atom-angular2-ts,dillondrenzek/atom-angular2-ts/blob/master/CONTRIBUTING.md
formidable-coffee/masterfully,formidable-coffee/masterfully/blob/master/CONTRIBUTING.md
jinmayamashita/quicker,jinmayamashita/quicker/blob/master/CONTRIBUTING.md
khinlatt/react-d3-compiled,khinlatt/react-d3-compiled/blob/master/CONTRIBUTING.md
smashwilson/atom,smashwilson/atom/blob/master/CONTRIBUTING.md
stefanosKarantin/stefanos-react-prj,stefanosKarantin/stefanos-react-prj/blob/master/CONTRIBUTING.md
aichane/digigov,aichane/digigov/blob/master/CONTRIBUTING.md
JakeTobin/react-data-grid,JakeTobin/react-data-grid/blob/master/CONTRIBUTING.md
nathanielparke/huxley,nathanielparke/huxley/blob/master/CONTRIBUTING.md
bhoomit/formula-editor,bhoomit/formula-editor/blob/formula-editor/CONTRIBUTING.md
xrobles/Device-Fingerprinting,xrobles/Device-Fingerprinting/blob/master/CONTRIBUTING.md
varesa/atom,varesa/atom/blob/master/CONTRIBUTING.md
AnthonyBobsin/teach.webmaker.org,AnthonyBobsin/teach.webmaker.org/blob/develop/CONTRIBUTING.md
Grobim/poke-drive,Grobim/poke-drive/blob/master/CONTRIBUTING.md
phuson/grommet,phuson/grommet/blob/master/CONTRIBUTING.md
azat-co/mongoui,azat-co/mongoui/blob/master/CONTRIBUTING.md
jon-wei/pivot,jon-wei/pivot/blob/master/CONTRIBUTING.md
luznlun/kkRoom,luznlun/kkRoom/blob/master/CONTRIBUTING.md
mircobe87/MapStore2,mircobe87/MapStore2/blob/master/CONTRIBUTING.md
nfq-eta/react-env,nfq-eta/react-env/blob/master/CONTRIBUTING.md
kn4rfy/techvagrant,kn4rfy/techvagrant/blob/master/CONTRIBUTING.md
fkasper/sitrep-frontend,fkasper/sitrep-frontend/blob/master/CONTRIBUTING.md
PetrosGit/poker-experiment,PetrosGit/poker-experiment/blob/master/CONTRIBUTING.md
paschcua/erikras,paschcua/erikras/blob/master/CONTRIBUTING.md
spf13/kitematic,spf13/kitematic/blob/master/CONTRIBUTING.md
udacityalumni/alumni-client,udacityalumni/alumni-client/blob/master/CONTRIBUTING.md
vasekric/regrinder,vasekric/regrinder/blob/master/CONTRIBUTING.md
KyperTech/devshare-site,KyperTech/devshare-site/blob/master/CONTRIBUTING.md
xkawi/react-universal-saga,xkawi/react-universal-saga/blob/master/CONTRIBUTING.md
ifduyue/sentry,ifduyue/sentry/blob/master/CONTRIBUTING.md
jenkins-infra/plugin-site,jenkins-infra/plugin-site/blob/master/CONTRIBUTING.md
kubosho/noisy,kubosho/noisy/blob/master/CONTRIBUTING.md
marlonpp/grommet-old,marlonpp/grommet-old/blob/master/CONTRIBUTING.md
elof/explorer,elof/explorer/blob/master/CONTRIBUTING.md
Financial-Times/explorer,Financial-Times/explorer/blob/master/CONTRIBUTING.md
sean-clayton/react-stackoverflow-profile,sean-clayton/react-stackoverflow-profile/blob/master/CONTRIBUTING.md
ghostwords/chameleon,ghostwords/chameleon/blob/master/CONTRIBUTING.md
martinrp/reduxgitresume,martinrp/reduxgitresume/blob/master/CONTRIBUTING.md
bdefore/universal-redux,bdefore/universal-redux/blob/master/CONTRIBUTING.md
jairoandre/lance-web-hot,jairoandre/lance-web-hot/blob/master/CONTRIBUTING.md
dongjoon-hyun/kitematic,dongjoon-hyun/kitematic/blob/master/CONTRIBUTING.md
frankievx/musicblog,frankievx/musicblog/blob/master/CONTRIBUTING.md
kriasoft/aspnet-starter-kit,kriasoft/aspnet-starter-kit/blob/master/CONTRIBUTING.md
putaindecode/putaindecode.fr,putaindecode/putaindecode.fr/blob/master/CONTRIBUTING.md
thanhiro/techmatrix,thanhiro/techmatrix/blob/master/CONTRIBUTING.md
redux-bootstrap/redux-bootstrap,redux-bootstrap/redux-bootstrap/blob/master/CONTRIBUTING.md
Kielan/kielan-com,Kielan/kielan-com/blob/master/CONTRIBUTING.md
Icenium/cordova-docs,Icenium/cordova-docs/blob/master/CONTRIBUTING.md
ajacksified/reddit-mobile,ajacksified/reddit-mobile/blob/master/CONTRIBUTING.md
CBIConsulting/tcomb-form,CBIConsulting/tcomb-form/blob/master/CONTRIBUTING.md
MischievousBoys/WikiPoetry,MischievousBoys/WikiPoetry/blob/master/CONTRIBUTING.md
ramkarolis/react-financial-calculator,ramkarolis/react-financial-calculator/blob/master/CONTRIBUTING.md
yummies/bem,yummies/bem/blob/master/CONTRIBUTING.md
LaunchAcademy/name-game,LaunchAcademy/name-game/blob/master/CONTRIBUTING.md
longseespace/quickflix,longseespace/quickflix/blob/master/CONTRIBUTING.md
lifeiscontent/OpenPoGoUI,lifeiscontent/OpenPoGoUI/blob/master/CONTRIBUTING.md
nanndoj/grommet,nanndoj/grommet/blob/master/CONTRIBUTING.md
pswoodworth/keystone,pswoodworth/keystone/blob/master/CONTRIBUTING.md
mweibel/esrscan-desktop,mweibel/esrscan-desktop/blob/master/CONTRIBUTING.md
juanda99/arasaac,juanda99/arasaac/blob/master/CONTRIBUTING.md
opensessions/opensessions,opensessions/opensessions/blob/master/CONTRIBUTING.md
samhingu/Moleculist,samhingu/Moleculist/blob/master/CONTRIBUTING.md
watson-developer-cloud/natural-language-classifier-nodejs,watson-developer-cloud/natural-language-classifier-nodejs/blob/master/CONTRIBUTING.md
uisrinivas/portfolio,uisrinivas/portfolio/blob/master/CONTRIBUTING.md
derektliu/Picky-Notes,derektliu/Picky-Notes/blob/master/CONTRIBUTING.md
implydata/pivot,implydata/pivot/blob/master/CONTRIBUTING.md
qwales1/keystone,qwales1/keystone/blob/master/CONTRIBUTING.md
danielmahon/keystone,danielmahon/keystone/blob/master/CONTRIBUTING.md
taipowerapps/doesithavewifi,taipowerapps/doesithavewifi/blob/master/CONTRIBUTING.md
cicorias/relay,cicorias/relay/blob/master/CONTRIBUTING.md
reliablejs/reliable-macaca-slave,reliablejs/reliable-macaca-slave/blob/master/CONTRIBUTING.md
jeffj/dasein,jeffj/dasein/blob/master/CONTRIBUTING.md
garrensmith/couchdb-fauxton,garrensmith/couchdb-fauxton/blob/master/CONTRIBUTING.md
joeybaker/rachelandjoey,joeybaker/rachelandjoey/blob/master/CONTRIBUTING.md
andondaniel/staging-greenlight,andondaniel/staging-greenlight/blob/master/CONTRIBUTING.md
yashprit/react-d3,yashprit/react-d3/blob/master/CONTRIBUTING.md
udp/keystone,udp/keystone/blob/master/CONTRIBUTING.md
SurgeClub/surgeclub-fe,SurgeClub/surgeclub-fe/blob/master/CONTRIBUTING.md
eriknyk/flux-examples,eriknyk/flux-examples/blob/master/CONTRIBUTING.md
andreufirefly/keystone,andreufirefly/keystone/blob/master/CONTRIBUTING.md
jakejarrett/soundnode-app,jakejarrett/soundnode-app/blob/react/CONTRIBUTING.md
mrinaljain/teach.webmaker.org,mrinaljain/teach.webmaker.org/blob/develop/CONTRIBUTING.md
nkostelnik/blaiseclicks,nkostelnik/blaiseclicks/blob/master/CONTRIBUTING.md
sebasnavarrete/CDLV,sebasnavarrete/CDLV/blob/master/CONTRIBUTING.md
vesparny/react-kickstart,vesparny/react-kickstart/blob/master/CONTRIBUTING.md
lewiscowper/ethereum-app,lewiscowper/ethereum-app/blob/master/CONTRIBUTING.md
maratfakhreev/react-native-starter-kit,maratfakhreev/react-native-starter-kit/blob/master/CONTRIBUTING.md
MathieuDebit/rise2016-app,MathieuDebit/rise2016-app/blob/master/CONTRIBUTING.md
stremann/react-flypro,stremann/react-flypro/blob/master/CONTRIBUTING.md
opencredo/opencredo-react-boilerplate,opencredo/opencredo-react-boilerplate/blob/master/CONTRIBUTING.md
marioblas/neptune,marioblas/neptune/blob/master/CONTRIBUTING.md
Brandon-Stoyles/react-template,Brandon-Stoyles/react-template/blob/master/CONTRIBUTING.md
frontyard/keystone,frontyard/keystone/blob/master/CONTRIBUTING.md
Tangcuyu/keystone,Tangcuyu/keystone/blob/master/CONTRIBUTING.md
brountreeRS/grommet,brountreeRS/grommet/blob/master/CONTRIBUTING.md
Pomax/teach.mozilla.org,Pomax/teach.mozilla.org/blob/develop/CONTRIBUTING.md
mvillis/measure-mate,mvillis/measure-mate/blob/master/CONTRIBUTING.md
gregsabo/beanstalk-movie-search,gregsabo/beanstalk-movie-search/blob/master/CONTRIBUTING.md
tsaizihao/xoox,tsaizihao/xoox/blob/master/CONTRIBUTING.md
detrash08/react-redux,detrash08/react-redux/blob/master/CONTRIBUTING.md
AnSavvides/react-native-web,AnSavvides/react-native-web/blob/master/CONTRIBUTING.md
derickwarshaw/jenkins,derickwarshaw/jenkins/blob/master/CONTRIBUTING.md
hbaughman/audible-temptations,hbaughman/audible-temptations/blob/master/CONTRIBUTING.md
ivancevich/keystone,ivancevich/keystone/blob/master/CONTRIBUTING.md
jamesshedden/skillbard-react,jamesshedden/skillbard-react/blob/master/CONTRIBUTING.md
marhyorh/FreeCodeCamp,marhyorh/FreeCodeCamp/blob/staging/CONTRIBUTING.md
jeffvan576/react-data-grid,jeffvan576/react-data-grid/blob/master/CONTRIBUTING.md
mozilla/webmaker-core,mozilla/webmaker-core/blob/develop/CONTRIBUTING.md
ONode/keystone,ONode/keystone/blob/master/CONTRIBUTING.md
deevatech/frontend,deevatech/frontend/blob/master/CONTRIBUTING.md
allanbreyes/plaidchat,allanbreyes/plaidchat/blob/master/CONTRIBUTING.md
daimagine/gh-milestone,daimagine/gh-milestone/blob/master/CONTRIBUTING.md
ghoshnirmalya/pikuhomes,ghoshnirmalya/pikuhomes/blob/master/CONTRIBUTING.md
Freakland/keystone,Freakland/keystone/blob/master/CONTRIBUTING.md
zooniverse/zoo-react-starterify,zooniverse/zoo-react-starterify/blob/master/CONTRIBUTING.md
jeffreywescott/packaged-app-reactjs,jeffreywescott/packaged-app-reactjs/blob/master/CONTRIBUTING.md
Icy-Donuts/icyLegacy,Icy-Donuts/icyLegacy/blob/master/CONTRIBUTING.md
woowe/react-dev-tools,woowe/react-dev-tools/blob/master/CONTRIBUTING.md
attdona/bota,attdona/bota/blob/master/CONTRIBUTING.md
paschcua/StoryConstructor,paschcua/StoryConstructor/blob/master/CONTRIBUTING.md
pol-is/polisClientAdmin,pol-is/polisClientAdmin/blob/master/CONTRIBUTING.md
ericelliott/keystone,ericelliott/keystone/blob/master/CONTRIBUTING.md
nathanielks/universal-redux,nathanielks/universal-redux/blob/master/CONTRIBUTING.md
scotato/xyz,scotato/xyz/blob/master/CONTRIBUTING.md
pr1ntr/keystone,pr1ntr/keystone/blob/master/CONTRIBUTING.md
jaschweder/black-screen,jaschweder/black-screen/blob/master/CONTRIBUTING.md
robcmills/svg-game,robcmills/svg-game/blob/master/CONTRIBUTING.md
beni55/keystone,beni55/keystone/blob/master/CONTRIBUTING.md
ericraffin/givemetime,ericraffin/givemetime/blob/master/CONTRIBUTING.md
harijoe/redux-shooting-stars,harijoe/redux-shooting-stars/blob/master/CONTRIBUTING.md
magicismight/react-native,magicismight/react-native/blob/master/CONTRIBUTING.md
mattwelson/weddingsite,mattwelson/weddingsite/blob/master/CONTRIBUTING.md
fxbox/calendar,fxbox/calendar/blob/master/CONTRIBUTING.md
geoffreyfloyd/op,geoffreyfloyd/op/blob/master/CONTRIBUTING.md
danehansen/reddit-mobile,danehansen/reddit-mobile/blob/master/CONTRIBUTING.md
NotyIm/frontend,NotyIm/frontend/blob/master/CONTRIBUTING.md
mike182uk/CoffeeWriter,mike182uk/CoffeeWriter/blob/master/CONTRIBUTING.md
nickhsine/keystone,nickhsine/keystone/blob/master/CONTRIBUTING.md
TonyJen/react-redux-universal-hot-example,TonyJen/react-redux-universal-hot-example/blob/master/CONTRIBUTING.md
llukasxx/school-organizer-front,llukasxx/school-organizer-front/blob/master/CONTRIBUTING.md
dfalling/todo,dfalling/todo/blob/master/CONTRIBUTING.md
kwangkim/material-design-react,kwangkim/material-design-react/blob/master/CONTRIBUTING.md
Getable/rentable-footer,Getable/rentable-footer/blob/master/CONTRIBUTING.md
sanderboom/kitematic,sanderboom/kitematic/blob/master/CONTRIBUTING.md
oozywaters/JOOR-react,oozywaters/JOOR-react/blob/master/CONTRIBUTING.md
plyo/react-color,plyo/react-color/blob/master/CONTRIBUTING.md
E-HERO-ZZ/tomatoTime,E-HERO-ZZ/tomatoTime/blob/master/CONTRIBUTING.md
nskpaun/group-therapist,nskpaun/group-therapist/blob/master/CONTRIBUTING.md
WChargin/lc3,WChargin/lc3/blob/master/CONTRIBUTING.md
execjosh/atom,execjosh/atom/blob/master/CONTRIBUTING.md
tamltn93/react-example,tamltn93/react-example/blob/master/CONTRIBUTING.md
Rebelizer/pellet,Rebelizer/pellet/blob/master/CONTRIBUTING.md
imminent-tuba/thesis,imminent-tuba/thesis/blob/master/CONTRIBUTING.md
dictyBase/Dicty-Stock-Center,dictyBase/Dicty-Stock-Center/blob/master/CONTRIBUTING.md
fs/react-base,fs/react-base/blob/master/CONTRIBUTING.md
mozilla/participation-heartbeat,mozilla/participation-heartbeat/blob/master/CONTRIBUTING.md
ieugen/tcomb-form,ieugen/tcomb-form/blob/master/CONTRIBUTING.md
lemonCMS/react-redux-jwt,lemonCMS/react-redux-jwt/blob/master/CONTRIBUTING.md
medfreeman/react-redux-universal-hot-example,medfreeman/react-redux-universal-hot-example/blob/master/CONTRIBUTING.md
theosherry/mx_pl,theosherry/mx_pl/blob/master/CONTRIBUTING.md
vidaaudrey/avanta,vidaaudrey/avanta/blob/heroku/CONTRIBUTING.md
snowkeeper/keystone,snowkeeper/keystone/blob/master/CONTRIBUTING.md
squiggle8/basic-retreat,squiggle8/basic-retreat/blob/master/CONTRIBUTING.md
vixns/react-video,vixns/react-video/blob/master/CONTRIBUTING.md
adrienhobbs/redux-glow,adrienhobbs/redux-glow/blob/master/CONTRIBUTING.md
andbet39/reactPress,andbet39/reactPress/blob/master/CONTRIBUTING.md
cclauss/kitematic,cclauss/kitematic/blob/master/CONTRIBUTING.md
aurelienshz/ecology,aurelienshz/ecology/blob/master/CONTRIBUTING.md
picnichealth/medcharts,picnichealth/medcharts/blob/master/CONTRIBUTING.md
ghoshnirmalya/homecms,ghoshnirmalya/homecms/blob/master/CONTRIBUTING.md
iiegor/birdy,iiegor/birdy/blob/master/CONTRIBUTING.md
doctordick/DrDick,doctordick/DrDick/blob/master/CONTRIBUTING.md
TelescopeJS/Telescope,TelescopeJS/Telescope/blob/master/CONTRIBUTING.md
MarshallOfSound/Google-Play-Music-Desktop-Player-UNOFFICIAL-,MarshallOfSound/Google-Play-Music-Desktop-Player-UNOFFICIAL-/blob/master/CONTRIBUTING.md
TodoTemplates/Telescope,TodoTemplates/Telescope/blob/master/CONTRIBUTING.md
andest01/react-timeline,andest01/react-timeline/blob/master/CONTRIBUTING.md
rowinf/robertirwin.me-v2,rowinf/robertirwin.me-v2/blob/master/CONTRIBUTING.md
sunh11373/t648,sunh11373/t648/blob/master/CONTRIBUTING.md
offtherailz/MapStore2,offtherailz/MapStore2/blob/master/CONTRIBUTING.md
okmttdhr/aupa,okmttdhr/aupa/blob/master/CONTRIBUTING.md
mckay-software/mets-ui,mckay-software/mets-ui/blob/master/CONTRIBUTING.md
psigns/mx-react-components,psigns/mx-react-components/blob/master/CONTRIBUTING.md
slightlytyler/bernie-tax-viz,slightlytyler/bernie-tax-viz/blob/master/CONTRIBUTING.md
sunnylqm/react-native,sunnylqm/react-native/blob/master/CONTRIBUTING.md
wardy/cool-story-bro,wardy/cool-story-bro/blob/master/CONTRIBUTING.md
stevecrozz/test-directory-client,stevecrozz/test-directory-client/blob/master/CONTRIBUTING.md
dcos/dcos-ui,dcos/dcos-ui/blob/master/CONTRIBUTING.md
joeybaker/flux-play,joeybaker/flux-play/blob/master/CONTRIBUTING.md
CodefuseInc/manga-framework,CodefuseInc/manga-framework/blob/master/CONTRIBUTING.md
project-abigail/app,project-abigail/app/blob/master/CONTRIBUTING.md
red-gate/OctopusDeployLibrary,red-gate/OctopusDeployLibrary/blob/master/CONTRIBUTING.md
tyleriguchi/photoshop-battles,tyleriguchi/photoshop-battles/blob/master/CONTRIBUTING.md
keiosu/kitematic,keiosu/kitematic/blob/master/CONTRIBUTING.md
martinval/boiler2,martinval/boiler2/blob/master/CONTRIBUTING.md
selfhub/selfhub,selfhub/selfhub/blob/develop/CONTRIBUTING.md
rohannair/hackathon-beardsrus,rohannair/hackathon-beardsrus/blob/master/CONTRIBUTING.md
Dengo/bacon-bacon,Dengo/bacon-bacon/blob/master/CONTRIBUTING.md
ScottDowne/build.webmaker.org,ScottDowne/build.webmaker.org/blob/master/CONTRIBUTING.md
lordakshaya/pages,lordakshaya/pages/blob/master/CONTRIBUTING.md
mozillayvr/yvr-conf-free,mozillayvr/yvr-conf-free/blob/master/CONTRIBUTING.md
cfpb/hmda-platform-ui,cfpb/hmda-platform-ui/blob/master/CONTRIBUTING.md
tdipisa/MapStore2,tdipisa/MapStore2/blob/master/CONTRIBUTING.md
geosolutions-it/MapStore2,geosolutions-it/MapStore2/blob/master/CONTRIBUTING.md
easyCZ/open-sourcery,easyCZ/open-sourcery/blob/master/CONTRIBUTING.md
Raffo/marathon-ui,Raffo/marathon-ui/blob/master/CONTRIBUTING.md
zalando/zalando.github.io-dev,zalando/zalando.github.io-dev/blob/dev/CONTRIBUTING.md
quran/quran.com-frontend,quran/quran.com-frontend/blob/master/CONTRIBUTING.md
molomby/keystone,molomby/keystone/blob/master/CONTRIBUTING.md
mozilla/tofino,mozilla/tofino/blob/master/CONTRIBUTING.md
smashwilson/kite-shell,smashwilson/kite-shell/blob/master/CONTRIBUTING.md
sprintly/react-d3,sprintly/react-d3/blob/master/CONTRIBUTING.md
findinstore/instore-webapp,findinstore/instore-webapp/blob/master/CONTRIBUTING.md
PebbleFrame/item-chimp,PebbleFrame/item-chimp/blob/master/CONTRIBUTING.md
SlashmanX/keystone,SlashmanX/keystone/blob/master/CONTRIBUTING.md
cvan/taro,cvan/taro/blob/master/CONTRIBUTING.md
jaredbrookswhite/react-components,jaredbrookswhite/react-components/blob/master/CONTRIBUTING.md
mekanics/keystone,mekanics/keystone/blob/master/CONTRIBUTING.md
lifter-cli/lifter,lifter-cli/lifter/blob/master/CONTRIBUTING.md
parkgaram/solidware-mini-project,parkgaram/solidware-mini-project/blob/develop/CONTRIBUTING.md
0xR/xke-async-testing,0xR/xke-async-testing/blob/master/CONTRIBUTING.md
InconspicuousPaprika/Car.ly,InconspicuousPaprika/Car.ly/blob/master/CONTRIBUTING.md
hdh3000/agnition,hdh3000/agnition/blob/master/CONTRIBUTING.md
wellsam/nerd,wellsam/nerd/blob/master/CONTRIBUTING.md
cantuket/keystone_tbg,cantuket/keystone_tbg/blob/master/CONTRIBUTING.md
kristianmandrup/keystone,kristianmandrup/keystone/blob/master/CONTRIBUTING.md
luisfpinto/react-rpi,luisfpinto/react-rpi/blob/master/CONTRIBUTING.md
loujiayu/rss-reader,loujiayu/rss-reader/blob/master/CONTRIBUTING.md
maratfakhreev/react-apple,maratfakhreev/react-apple/blob/master/CONTRIBUTING.md
bmun/huxley,bmun/huxley/blob/master/CONTRIBUTING.md
trujunzhang/newspoliticl,trujunzhang/newspoliticl/blob/master/CONTRIBUTING.md
vizavi21/react-components,vizavi21/react-components/blob/master/CONTRIBUTING.md
bingomanatee/react-redux-universal-hot-example-mdl,bingomanatee/react-redux-universal-hot-example-mdl/blob/master/CONTRIBUTING.md
chrisslater/snapperfish,chrisslater/snapperfish/blob/master/CONTRIBUTING.md
cmosguy/react-redux-auth0,cmosguy/react-redux-auth0/blob/trying-auth0/CONTRIBUTING.md
okmttdhr/hoppee-firebase,okmttdhr/hoppee-firebase/blob/master/CONTRIBUTING.md
Fur6y/zapper,Fur6y/zapper/blob/master/CONTRIBUTING.md
chptung/telescope-version-5,chptung/telescope-version-5/blob/master/CONTRIBUTING.md
apache/couchdb-fauxton,apache/couchdb-fauxton/blob/master/CONTRIBUTING.md
umbrae/reddit-mobile,umbrae/reddit-mobile/blob/master/CONTRIBUTING.md
io-monad/novelous-extension,io-monad/novelous-extension/blob/master/CONTRIBUTING.md
minwe/amazeui-react,minwe/amazeui-react/blob/master/CONTRIBUTING.md
davecarlson/reacty,davecarlson/reacty/blob/master/CONTRIBUTING.md
scherler/jenkins-plugin-site,scherler/jenkins-plugin-site/blob/master/CONTRIBUTING.md
joshbeitler/black-screen,joshbeitler/black-screen/blob/master/CONTRIBUTING.md
whereat/whereat-web,whereat/whereat-web/blob/master/CONTRIBUTING.md
DelvarWorld/some-game,DelvarWorld/some-game/blob/master/CONTRIBUTING.md
Schmuddelkinder-Stuttgart/crm,Schmuddelkinder-Stuttgart/crm/blob/master/CONTRIBUTING.md
pampang/mobile-web,pampang/mobile-web/blob/master/CONTRIBUTING.md
slightlytyler/flux-challenge,slightlytyler/flux-challenge/blob/master/CONTRIBUTING.md
mozilla/testpilot,mozilla/testpilot/blob/master/CONTRIBUTING.md
sadayuki-matsuno/pdf,sadayuki-matsuno/pdf/blob/master/CONTRIBUTING.md
huangc28/palestine,huangc28/palestine/blob/master/CONTRIBUTING.md
moxiegirl/kitematic,moxiegirl/kitematic/blob/master/CONTRIBUTING.md
lucasmoeskops/wagtail,lucasmoeskops/wagtail/blob/master/CONTRIBUTING.md
mattbilbow/floor-demo,mattbilbow/floor-demo/blob/master/CONTRIBUTING.md
deepsweet/valya,deepsweet/valya/blob/master/CONTRIBUTING.md
matthewstyers/keystone,matthewstyers/keystone/blob/master/CONTRIBUTING.md
z81/PolarOS_Next,z81/PolarOS_Next/blob/master/CONTRIBUTING.md
VinSpee/react-redux-postcss-boilerplate,VinSpee/react-redux-postcss-boilerplate/blob/master/CONTRIBUTING.md
badT/Chatson,badT/Chatson/blob/master/CONTRIBUTING.md
nathanvale/two-five-one,nathanvale/two-five-one/blob/master/CONTRIBUTING.md
nudelx/DBCore,nudelx/DBCore/blob/master/CONTRIBUTING.md
commontk/CTK-web,commontk/CTK-web/blob/master/CONTRIBUTING.md
stefanwille/react-gameoflife,stefanwille/react-gameoflife/blob/master/CONTRIBUTING.md
hellodanali/Regexcellence,hellodanali/Regexcellence/blob/dev/CONTRIBUTING.md
ariesy/my-git-pages-source,ariesy/my-git-pages-source/blob/master/CONTRIBUTING.md
dgilroy77/Car.ly,dgilroy77/Car.ly/blob/master/CONTRIBUTING.md
eddiewang/tinderapp,eddiewang/tinderapp/blob/master/CONTRIBUTING.md
SHBailey/echo-mvp,SHBailey/echo-mvp/blob/master/CONTRIBUTING.md
Banno/pivot,Banno/pivot/blob/master/CONTRIBUTING.md
abachuk/fullbag-react-redux-dashboard,abachuk/fullbag-react-redux-dashboard/blob/master/CONTRIBUTING.md
allofthenorthwood/react-devtools,allofthenorthwood/react-devtools/blob/master/CONTRIBUTING.md
andreigec/ttime,andreigec/ttime/blob/master/CONTRIBUTING.md
hajiwon1023/react-webpack-redux,hajiwon1023/react-webpack-redux/blob/master/CONTRIBUTING.md
carlodicelico/reify,carlodicelico/reify/blob/master/CONTRIBUTING.md
michaelerobertsjr/keystone,michaelerobertsjr/keystone/blob/master/CONTRIBUTING.md
jlopezh/donation-project,jlopezh/donation-project/blob/master/CONTRIBUTING.md
killercup/svg-statemachines,killercup/svg-statemachines/blob/master/CONTRIBUTING.md
ngyikp/react-devtools,ngyikp/react-devtools/blob/master/CONTRIBUTING.md
colinmegill/polis-admin-console,colinmegill/polis-admin-console/blob/master/CONTRIBUTING.md
start-react/sb-admin-react,start-react/sb-admin-react/blob/master/CONTRIBUTING.md
pinfieldharm/fvp-redux-react,pinfieldharm/fvp-redux-react/blob/master/CONTRIBUTING.md
rojasmi1/ArtCR,rojasmi1/ArtCR/blob/master/CONTRIBUTING.md
febobo/react-redux-start,febobo/react-redux-start/blob/master/CONTRIBUTING.md
michellephung/couchdb-fauxton,michellephung/couchdb-fauxton/blob/master/CONTRIBUTING.md
dingchaoyan1983/ReactRedux,dingchaoyan1983/ReactRedux/blob/master/CONTRIBUTING.md
eastonqiu/frontend,eastonqiu/frontend/blob/master/CONTRIBUTING.md
forkful/forkful,forkful/forkful/blob/master/CONTRIBUTING.md
TracklistMe/client-react,TracklistMe/client-react/blob/master/CONTRIBUTING.md
cpcloud/atom,cpcloud/atom/blob/master/CONTRIBUTING.md
yummies/core-components,yummies/core-components/blob/master/CONTRIBUTING.md
MathieuDebit/blanquette,MathieuDebit/blanquette/blob/master/CONTRIBUTING.md
deconst/client,deconst/client/blob/master/CONTRIBUTING.md
vidaaudrey/trippian,vidaaudrey/trippian/blob/master/CONTRIBUTING.md
rocky-jaiswal/black-screen,rocky-jaiswal/black-screen/blob/master/CONTRIBUTING.md
DenisPronin/react-redux-example,DenisPronin/react-redux-example/blob/master/CONTRIBUTING.md
Grobim/eggheadReduxTutorial,Grobim/eggheadReduxTutorial/blob/master/CONTRIBUTING.md
reliablejs/reliable-master,reliablejs/reliable-master/blob/2.0/CONTRIBUTING.md
skidding/react-cosmos,skidding/react-cosmos/blob/master/CONTRIBUTING.md
thecan/link-setup,thecan/link-setup/blob/master/CONTRIBUTING.md
pawelniewie/czy-to-jest-paleo,pawelniewie/czy-to-jest-paleo/blob/master/CONTRIBUTING.md
cehsu/Car.ly,cehsu/Car.ly/blob/master/CONTRIBUTING.md
derek-boman/mx-react-components,derek-boman/mx-react-components/blob/master/CONTRIBUTING.md
rstuven/grommet,rstuven/grommet/blob/master/CONTRIBUTING.md
seansfkelley/react-select,seansfkelley/react-select/blob/master/CONTRIBUTING.md
tomasen/kitematic,tomasen/kitematic/blob/master/CONTRIBUTING.md
Climb-social/Displayer,Climb-social/Displayer/blob/master/CONTRIBUTING.md
black-screen/black-screen,black-screen/black-screen/blob/master/CONTRIBUTING.md
tzibur/site,tzibur/site/blob/master/CONTRIBUTING.md
guyellis/react-log-lifecycle,guyellis/react-log-lifecycle/blob/master/CONTRIBUTING.md
netlify/netlify-cms,netlify/netlify-cms/blob/master/CONTRIBUTING.md
Josh211ua/mini-games,Josh211ua/mini-games/blob/master/CONTRIBUTING.md
DeloitteDigitalUK/react-redux-starter-app,DeloitteDigitalUK/react-redux-starter-app/blob/master/CONTRIBUTING.md
nmco/MapStore2,nmco/MapStore2/blob/master/CONTRIBUTING.md
logger-app/logger-app,logger-app/logger-app/blob/master/CONTRIBUTING.md
omeid/react-native-mock,omeid/react-native-mock/blob/master/CONTRIBUTING.md
omnibrain/keystone,omnibrain/keystone/blob/master/CONTRIBUTING.md
sketchglass/respass,sketchglass/respass/blob/master/CONTRIBUTING.md
stosorio/keystone,stosorio/keystone/blob/master/CONTRIBUTING.md
MetaMask/metamask-plugin,MetaMask/metamask-plugin/blob/master/CONTRIBUTING.md
gios-asu/sustainability-game,gios-asu/sustainability-game/blob/develop/CONTRIBUTING.md
jhlosin/MetS,jhlosin/MetS/blob/master/CONTRIBUTING.md
open-austin/austingreenmap,open-austin/austingreenmap/blob/master/CONTRIBUTING.md
jenyckee/midi-redux,jenyckee/midi-redux/blob/master/CONTRIBUTING.md
mimanshagupta/petalweb,mimanshagupta/petalweb/blob/master/CONTRIBUTING.md
yummies/yummies,yummies/yummies/blob/master/CONTRIBUTING.md
AlexMinsk/keystone,AlexMinsk/keystone/blob/master/CONTRIBUTING.md
abakusbackup/abacash-client,abakusbackup/abacash-client/blob/master/CONTRIBUTING.md
amitzur/debugger.html,amitzur/debugger.html/blob/master/CONTRIBUTING.md
adrianha/swapii,adrianha/swapii/blob/master/CONTRIBUTING.md
delwiv/tactill-techtest,delwiv/tactill-techtest/blob/master/CONTRIBUTING.md
lojack/keystone,lojack/keystone/blob/master/CONTRIBUTING.md
avantcontra/react-redux-custom-starter,avantcontra/react-redux-custom-starter/blob/master/CONTRIBUTING.md
kevinchiu/react-redux-starter-kit,kevinchiu/react-redux-starter-kit/blob/master/CONTRIBUTING.md
suryagh/keystone,suryagh/keystone/blob/master/CONTRIBUTING.md
yciabaud/webtorrent-desktop,yciabaud/webtorrent-desktop/blob/master/CONTRIBUTING.md
TheJumpCloud/DotCi,TheJumpCloud/DotCi/blob/master/CONTRIBUTING.md
ghoshnirmalya/react-firebase-blog,ghoshnirmalya/react-firebase-blog/blob/master/CONTRIBUTING.md
mattds/react-native,mattds/react-native/blob/master/CONTRIBUTING.md
salesforce-ux/theo,salesforce-ux/theo/blob/master/CONTRIBUTING.md
satsummit/landscape,satsummit/landscape/blob/master/CONTRIBUTING.md
xugy0926/shuoriyu,xugy0926/shuoriyu/blob/master/CONTRIBUTING.md
gettruetheday/brownfield,gettruetheday/brownfield/blob/master/CONTRIBUTING.md
stevenlundy/agnition,stevenlundy/agnition/blob/master/CONTRIBUTING.md
drew-gross/black-screen,drew-gross/black-screen/blob/master/CONTRIBUTING.md
gregsabo/redux-decagon,gregsabo/redux-decagon/blob/master/CONTRIBUTING.md
vesparny/todoo,vesparny/todoo/blob/master/CONTRIBUTING.md
Capgemini/mesos-ui,Capgemini/mesos-ui/blob/master/CONTRIBUTING.md
keshavmesta/techfunnel,keshavmesta/techfunnel/blob/master/CONTRIBUTING.md
intfrr/redmine_dashboard,intfrr/redmine_dashboard/blob/master/CONTRIBUTING.md
lionize/tessera-client,lionize/tessera-client/blob/develop/CONTRIBUTING.md
tony2cssc/keystone,tony2cssc/keystone/blob/master/CONTRIBUTING.md
vazquez/build.webmaker.org,vazquez/build.webmaker.org/blob/master/CONTRIBUTING.md
peritext/peritext-lectio,peritext/peritext-lectio/blob/master/CONTRIBUTING.md
nagucc/wechat-enterprise-signup,nagucc/wechat-enterprise-signup/blob/master/CONTRIBUTING.md
mmmavis/mofo-calypso,mmmavis/mofo-calypso/blob/master/CONTRIBUTING.md
joerter/keystone,joerter/keystone/blob/master/CONTRIBUTING.md
mmmavis/teach.mozilla.org,mmmavis/teach.mozilla.org/blob/develop/CONTRIBUTING.md
hiddentao/heartnotes,hiddentao/heartnotes/blob/master/CONTRIBUTING.md
jryans/react-devtools,jryans/react-devtools/blob/master/CONTRIBUTING.md
capensisma/Asteroid,capensisma/Asteroid/blob/master/CONTRIBUTING.md
groupon/DotCi,groupon/DotCi/blob/master/CONTRIBUTING.md
jrit/keystone,jrit/keystone/blob/master/CONTRIBUTING.md
hldzlk/wuhao,hldzlk/wuhao/blob/master/CONTRIBUTING.md
SFDevLabs/reno,SFDevLabs/reno/blob/master/CONTRIBUTING.md
joshbedo/flux-examples,joshbedo/flux-examples/blob/master/CONTRIBUTING.md
AndriyShepitsen/svredux,AndriyShepitsen/svredux/blob/master/CONTRIBUTING.md
prashantpawar/blockapps-js-tutorial,prashantpawar/blockapps-js-tutorial/blob/master/CONTRIBUTING.md
somus/react-redux-starter-kit,somus/react-redux-starter-kit/blob/master/CONTRIBUTING.md
viatsko/lyn,viatsko/lyn/blob/master/CONTRIBUTING.md
mikelu92/HolyNotes,mikelu92/HolyNotes/blob/master/CONTRIBUTING.md
Media-Player-Desktop/soundnode-app,Media-Player-Desktop/soundnode-app/blob/master/CONTRIBUTING.md
rosskevin/react-redux-starter-kit--saga--i18n,rosskevin/react-redux-starter-kit--saga--i18n/blob/master/CONTRIBUTING.md
wbowling/deciderer,wbowling/deciderer/blob/master/CONTRIBUTING.md
weixing2014/iTodo,weixing2014/iTodo/blob/master/CONTRIBUTING.md
LearnersGuild/github-repo-leaderboard,LearnersGuild/github-repo-leaderboard/blob/master/CONTRIBUTING.md
jacargentina/keystone,jacargentina/keystone/blob/master/CONTRIBUTING.md
rlugojr/kitematic,rlugojr/kitematic/blob/master/CONTRIBUTING.md
viktorfa/squeezed-days,viktorfa/squeezed-days/blob/master/CONTRIBUTING.md
quentinneyraud/WishYou,quentinneyraud/WishYou/blob/master/CONTRIBUTING.md
ifiokjr/timeywimey,ifiokjr/timeywimey/blob/master/CONTRIBUTING.md
SvenDowideit/kitematic,SvenDowideit/kitematic/blob/master/CONTRIBUTING.md
thon0112/custom-keystone,thon0112/custom-keystone/blob/master/CONTRIBUTING.md
riknoll/cordova-docs,riknoll/cordova-docs/blob/master/CONTRIBUTING.md
koistya/react-starter-kit,koistya/react-starter-kit/blob/master/CONTRIBUTING.md
patrickgordon/srm-frontend,patrickgordon/srm-frontend/blob/master/CONTRIBUTING.md
peritext/peritext,peritext/peritext/blob/master/CONTRIBUTING.md
mozilla/webmaker-firehose,mozilla/webmaker-firehose/blob/master/CONTRIBUTING.md
tim-thimmaiah/iyla,tim-thimmaiah/iyla/blob/master/CONTRIBUTING.md
wxqp/keystone-es,wxqp/keystone-es/blob/master/CONTRIBUTING.md
creynders/keystone,creynders/keystone/blob/master/CONTRIBUTING.md
hhvm/xhp-js-example,hhvm/xhp-js-example/blob/master/CONTRIBUTING.md
donnycrash/react-redux-electron-starter-kit,donnycrash/react-redux-electron-starter-kit/blob/master/CONTRIBUTING.md
gerbilsinspace/hol,gerbilsinspace/hol/blob/master/CONTRIBUTING.md
Grobim/react-redux-firebase-workout,Grobim/react-redux-firebase-workout/blob/master/CONTRIBUTING.md
petrjasek/superdesk-client-core,petrjasek/superdesk-client-core/blob/master/CONTRIBUTING.md
dictyBase/redux-auth-trial,dictyBase/redux-auth-trial/blob/master/CONTRIBUTING.md
guahanweb/PaperBadger,guahanweb/PaperBadger/blob/master/CONTRIBUTING.md
JohanGustafsson91/React-JWT-Authentication-Redux-Router,JohanGustafsson91/React-JWT-Authentication-Redux-Router/blob/master/CONTRIBUTING.md
netguru/react_webpack_rails,netguru/react_webpack_rails/blob/master/CONTRIBUTING.md
bootstrapworld/codemirror-blocks,bootstrapworld/codemirror-blocks/blob/master/CONTRIBUTING.md
eyko/opencredo-react-boilerplate,eyko/opencredo-react-boilerplate/blob/master/CONTRIBUTING.md
duppercloud/mean,duppercloud/mean/blob/master/CONTRIBUTING.md
feross/webtorrent-desktop,feross/webtorrent-desktop/blob/master/CONTRIBUTING.md
googlefonts/japanese,googlefonts/japanese/blob/master/CONTRIBUTING.md
jamen/neta,jamen/neta/blob/master/CONTRIBUTING.md
jjb/explorer,jjb/explorer/blob/master/CONTRIBUTING.md
adobe-photoshop/spaces-design,adobe-photoshop/spaces-design/blob/master/CONTRIBUTING.md
chexee/karaoke-night,chexee/karaoke-night/blob/master/CONTRIBUTING.md
AndrewMarkley/solid-system,AndrewMarkley/solid-system/blob/master/CONTRIBUTING.md
KZackery/keystone,KZackery/keystone/blob/master/CONTRIBUTING.md
kubism/kubism.github.io,kubism/kubism.github.io/blob/master/CONTRIBUTING.md
madbook/reddit-mobile,madbook/reddit-mobile/blob/master/CONTRIBUTING.md
joshtepei/pitunes,joshtepei/pitunes/blob/master/CONTRIBUTING.md
kriasoft/react-static-boilerplate,kriasoft/react-static-boilerplate/blob/master/CONTRIBUTING.md
claudiopro/2048-react,claudiopro/2048-react/blob/master/CONTRIBUTING.md
dskliarov/aotweb,dskliarov/aotweb/blob/master/CONTRIBUTING.md
guileen/react-forum,guileen/react-forum/blob/master/CONTRIBUTING.md
hawkrives/gobbldygook,hawkrives/gobbldygook/blob/master/CONTRIBUTING.md
hsubox76/item-chimp,hsubox76/item-chimp/blob/master/CONTRIBUTING.md
washoff/washoff.se,washoff/washoff.se/blob/master/CONTRIBUTING.md
wwwiiilll/drinkstat,wwwiiilll/drinkstat/blob/master/CONTRIBUTING.md
undersportstheory/footballstats,undersportstheory/footballstats/blob/master/CONTRIBUTING.md
ipostol/sociometry-react,ipostol/sociometry-react/blob/master/CONTRIBUTING.md
TribeMedia/react-redux-universal-hot-example,TribeMedia/react-redux-universal-hot-example/blob/master/CONTRIBUTING.md
candk/codeflySite,candk/codeflySite/blob/master/CONTRIBUTING.md
vunguyentuan/mygithubpage,vunguyentuan/mygithubpage/blob/master/CONTRIBUTING.md
Kimsangcheon/wp-calypso,Kimsangcheon/wp-calypso/blob/master/CONTRIBUTING.md
andest01/trout-bubbles,andest01/trout-bubbles/blob/master/CONTRIBUTING.md
tomasztunik/keystone,tomasztunik/keystone/blob/v0.3.x/CONTRIBUTING.md
gcortese/keystone,gcortese/keystone/blob/master/CONTRIBUTING.md
janoist1/universal-react-redux-starter-kit,janoist1/universal-react-redux-starter-kit/blob/master/CONTRIBUTING.md
keetaek/butler,keetaek/butler/blob/master/CONTRIBUTING.md
ernest-rhinozeros/react-d3,ernest-rhinozeros/react-d3/blob/master/CONTRIBUTING.md
anorudes/react-redux-universal-hot-example,anorudes/react-redux-universal-hot-example/blob/master/CONTRIBUTING.md
xloup/kitematic,xloup/kitematic/blob/master/CONTRIBUTING.md
mull/require_hacker_error_reproduction,mull/require_hacker_error_reproduction/blob/master/CONTRIBUTING.md
ptmt/react-native-macos,ptmt/react-native-macos/blob/master/CONTRIBUTING.md
theinterned/shopify_ui_challenge,theinterned/shopify_ui_challenge/blob/master/CONTRIBUTING.md
benkeen/couchdb-fauxton,benkeen/couchdb-fauxton/blob/master/CONTRIBUTING.md
chrisgornall/d29blog,chrisgornall/d29blog/blob/master/CONTRIBUTING.md
producthunt/producthunt-chrome-extension,producthunt/producthunt-chrome-extension/blob/master/CONTRIBUTING.md
PaulaPaul/teach.mozilla.org,PaulaPaul/teach.mozilla.org/blob/develop/CONTRIBUTING.md
ciccia/i-done-that,ciccia/i-done-that/blob/master/CONTRIBUTING.md
thomastanhb/ericras,thomastanhb/ericras/blob/master/CONTRIBUTING.md
kimmobrunfeldt/react-progressbar.js,kimmobrunfeldt/react-progressbar.js/blob/master/CONTRIBUTING.md
Ftonso/keystone,Ftonso/keystone/blob/master/CONTRIBUTING.md
chptung/telescope-version-6,chptung/telescope-version-6/blob/devel/CONTRIBUTING.md
Fitomo/FrontEnd-Auth-Service,Fitomo/FrontEnd-Auth-Service/blob/master/CONTRIBUTING.md
sylnp0201/relay,sylnp0201/relay/blob/master/CONTRIBUTING.md
yuanziyuer/yuanzi-share2,yuanziyuer/yuanzi-share2/blob/develop/CONTRIBUTING.md
dkwingsmt/aporeto-pokemongo,dkwingsmt/aporeto-pokemongo/blob/master/CONTRIBUTING.md
andrewlinfoot/keystone,andrewlinfoot/keystone/blob/master/CONTRIBUTING.md
N4N0/resume,N4N0/resume/blob/master/CONTRIBUTING.md
chrismayer/MapStore2,chrismayer/MapStore2/blob/master/CONTRIBUTING.md
franferdez/fuga-challenge,franferdez/fuga-challenge/blob/master/CONTRIBUTING.md
fritzSF/superdesk-client-core,fritzSF/superdesk-client-core/blob/master/CONTRIBUTING.md
gios-asu/dont-get-fired-game,gios-asu/dont-get-fired-game/blob/develop/CONTRIBUTING.md
griffsauce/SportsStats,griffsauce/SportsStats/blob/master/CONTRIBUTING.md
mklinga/potatoro,mklinga/potatoro/blob/master/CONTRIBUTING.md
kareem3d/fiisawbxw0rwxg,kareem3d/fiisawbxw0rwxg/blob/master/CONTRIBUTING.md
welltok/keystone,welltok/keystone/blob/master/CONTRIBUTING.md
joopand/sipreman-ui,joopand/sipreman-ui/blob/master/CONTRIBUTING.md
X0nic/cloud-cost,X0nic/cloud-cost/blob/master/CONTRIBUTING.md
alastairtree/Library,alastairtree/Library/blob/master/CONTRIBUTING.md
sendyhalim/keystone,sendyhalim/keystone/blob/master/CONTRIBUTING.md
synapse-garden/flow,synapse-garden/flow/blob/dev/CONTRIBUTING.md
kritikasoni/smsss-react,kritikasoni/smsss-react/blob/master/CONTRIBUTING.md
metalabdesign/startupslam-workshop,metalabdesign/startupslam-workshop/blob/master/CONTRIBUTING.md
dsifford/academic-bloggers-toolkit,dsifford/academic-bloggers-toolkit/blob/master/CONTRIBUTING.md
banjeremy/react-redux-todo,banjeremy/react-redux-todo/blob/master/CONTRIBUTING.md
allanesquina/react-pomodoro,allanesquina/react-pomodoro/blob/master/CONTRIBUTING.md
basarat/ped,basarat/ped/blob/master/CONTRIBUTING.md
mikeyshing88/MUN,mikeyshing88/MUN/blob/master/CONTRIBUTING.md
micooz/react-redux-universal-hot-example,micooz/react-redux-universal-hot-example/blob/master/CONTRIBUTING.md
dkushner/ArborJs-Playground,dkushner/ArborJs-Playground/blob/master/CONTRIBUTING.md
J-Pi/pitch-it,J-Pi/pitch-it/blob/master/CONTRIBUTING.md
Shenseye/fisrt-react-redux-todolist,Shenseye/fisrt-react-redux-todolist/blob/master/CONTRIBUTING.md
grrey/react-starter-kit,grrey/react-starter-kit/blob/master/CONTRIBUTING.md
alexbassy/react-dropzone-component,alexbassy/react-dropzone-component/blob/master/CONTRIBUTING.md
dstreet/DropCap,dstreet/DropCap/blob/master/CONTRIBUTING.md
kumo/keystone,kumo/keystone/blob/master/CONTRIBUTING.md
jcouyang/react-on-wails,jcouyang/react-on-wails/blob/master/CONTRIBUTING.md
woody0907/keystone,woody0907/keystone/blob/master/CONTRIBUTING.md
aaronsky/badges,aaronsky/badges/blob/master/CONTRIBUTING.md
kjutbring/soundnode-app,kjutbring/soundnode-app/blob/master/CONTRIBUTING.md
michaelstandley/DotCi,michaelstandley/DotCi/blob/master/CONTRIBUTING.md
dannycoates/testpilot,dannycoates/testpilot/blob/master/CONTRIBUTING.md
DorianWang/adminlte-react,DorianWang/adminlte-react/blob/master/CONTRIBUTING.md
golgistudio/records-demo,golgistudio/records-demo/blob/master/CONTRIBUTING.md
tomitrescak/semanticui-react,tomitrescak/semanticui-react/blob/master/CONTRIBUTING.md
voodah/lareal,voodah/lareal/blob/master/CONTRIBUTING.md
keystonejs/keystone,keystonejs/keystone/blob/master/CONTRIBUTING.md
cheshire137/gh-notifications-snoozer,cheshire137/gh-notifications-snoozer/blob/master/CONTRIBUTING.md
scalopus/kitematic,scalopus/kitematic/blob/master/CONTRIBUTING.md
stephenjoe1/pay-staff-tool-2,stephenjoe1/pay-staff-tool-2/blob/master/CONTRIBUTING.md
vanadium/chat,vanadium/chat/blob/master/CONTRIBUTING.md
hitripod/react-redux-universal-hot-example,hitripod/react-redux-universal-hot-example/blob/master/CONTRIBUTING.md
nase-skoly/web-app,nase-skoly/web-app/blob/master/CONTRIBUTING.md
Aca-jov/superdesk-client-core,Aca-jov/superdesk-client-core/blob/master/CONTRIBUTING.md
geraldchecka/webpack-react-boilerplate,geraldchecka/webpack-react-boilerplate/blob/master/CONTRIBUTING.md
jeffreypriebe/keystone,jeffreypriebe/keystone/blob/integrated-insert-view-images/CONTRIBUTING.md
antonj/keystone,antonj/keystone/blob/master/CONTRIBUTING.md
aungkyawpike/SERVICEAPP,aungkyawpike/SERVICEAPP/blob/master/CONTRIBUTING.md
cargo-transport/web-frontend,cargo-transport/web-frontend/blob/master/CONTRIBUTING.md
mrniaboc/Panoptes-Front-End,mrniaboc/Panoptes-Front-End/blob/master/CONTRIBUTING.md
robotlolita/jumperskirt,robotlolita/jumperskirt/blob/master/CONTRIBUTING.md
fazo96/ipfs-boards,fazo96/ipfs-boards/blob/master/CONTRIBUTING.md
draft-js-plugins/draft-js-plugins,draft-js-plugins/draft-js-plugins/blob/master/CONTRIBUTING.md
KyleAMathews/react-video,KyleAMathews/react-video/blob/master/CONTRIBUTING.md
SCPR/Chartbuilder,SCPR/Chartbuilder/blob/master/CONTRIBUTING.md
Travix-International/frint,Travix-International/frint/blob/master/CONTRIBUTING.md
ashelkov/hexa,ashelkov/hexa/blob/master/CONTRIBUTING.md
emanuelverardi/react-redux-personal-website,emanuelverardi/react-redux-personal-website/blob/master/CONTRIBUTING.md
knewter/elixir_friends,knewter/elixir_friends/blob/master/CONTRIBUTING.md
prashantpawar/bitcoin-streamer,prashantpawar/bitcoin-streamer/blob/master/CONTRIBUTING.md
Live4Code/kitematic,Live4Code/kitematic/blob/master/CONTRIBUTING.md
phizaz/happy-meeting,phizaz/happy-meeting/blob/master/CONTRIBUTING.md
fxghqc/walk,fxghqc/walk/blob/master/CONTRIBUTING.md
matteodelabre/chaos,matteodelabre/chaos/blob/master/CONTRIBUTING.md
mozfreddyb/ber-conf-free,mozfreddyb/ber-conf-free/blob/master/CONTRIBUTING.md
eugeneross/flatmarket,eugeneross/flatmarket/blob/master/CONTRIBUTING.md
hirako2000/react-hackathon-board,hirako2000/react-hackathon-board/blob/master/CONTRIBUTING.md
doumian/zaguzi,doumian/zaguzi/blob/master/CONTRIBUTING.md
Coko-Foundation/pubsweet-core,Coko-Foundation/pubsweet-core/blob/master/CONTRIBUTING.md
melodylu/react-redux-universal-hot-example,melodylu/react-redux-universal-hot-example/blob/master/CONTRIBUTING.md
Basselope/collatio,Basselope/collatio/blob/dev/CONTRIBUTING.md
linonetwo/poselevel,linonetwo/poselevel/blob/master/CONTRIBUTING.md
isnifer/valya,isnifer/valya/blob/master/CONTRIBUTING.md
davezuko/react-redux-starter-kit,davezuko/react-redux-starter-kit/blob/master/CONTRIBUTING.md
murphysierra/VinnyStoryPage,murphysierra/VinnyStoryPage/blob/master/CONTRIBUTING.md
jeffaustin81/cropcompass-ui,jeffaustin81/cropcompass-ui/blob/master/CONTRIBUTING.md
meandavejustice/testpilot,meandavejustice/testpilot/blob/master/CONTRIBUTING.md
Jzucca/Car.ly,Jzucca/Car.ly/blob/master/CONTRIBUTING.md
SilentCicero/react-boilerplate,SilentCicero/react-boilerplate/blob/master/CONTRIBUTING.md
Alastor4918/Heckmeck,Alastor4918/Heckmeck/blob/master/CONTRIBUTING.md
Bobeta/reactive-weather,Bobeta/reactive-weather/blob/master/CONTRIBUTING.md
befreestudios/Webpack-React-Flux,befreestudios/Webpack-React-Flux/blob/develop/CONTRIBUTING.md
djijim/dui,djijim/dui/blob/master/CONTRIBUTING.md
foffer/ppkbh-site,foffer/ppkbh-site/blob/master/CONTRIBUTING.md
Sumi-Interactive/Better-Web,Sumi-Interactive/Better-Web/blob/master/CONTRIBUTING.md
multunus/moveit-mobile,multunus/moveit-mobile/blob/master/CONTRIBUTING.md
jbuck/build.webmaker.org,jbuck/build.webmaker.org/blob/master/CONTRIBUTING.md
danieloliveira079/healthy-life-app,danieloliveira079/healthy-life-app/blob/master/CONTRIBUTING.md
gjorgic/cc,gjorgic/cc/blob/master/CONTRIBUTING.md
loganfreeman/react-is-fun,loganfreeman/react-is-fun/blob/master/CONTRIBUTING.md
mozilla/build.webmaker.org,mozilla/build.webmaker.org/blob/master/CONTRIBUTING.md
react-native-dojo/react-boilerplate,react-native-dojo/react-boilerplate/blob/master/CONTRIBUTING.md
linclark/tofino,linclark/tofino/blob/master/CONTRIBUTING.md
cvetanov/EventsClient,cvetanov/EventsClient/blob/master/CONTRIBUTING.md
eldina07/wlog-ui,eldina07/wlog-ui/blob/master/CONTRIBUTING.md
danieljwest/ExamGenerator,danieljwest/ExamGenerator/blob/master/CONTRIBUTING.md
keppelen/react-intl,keppelen/react-intl/blob/master/CONTRIBUTING.md
kyriakk/koaaxx,kyriakk/koaaxx/blob/master/CONTRIBUTING.md
Picta-it/Jammy,Picta-it/Jammy/blob/master/CONTRIBUTING.md
ipfs/station,ipfs/station/blob/master/CONTRIBUTING.md
kdama/react-starter-kit-twitter,kdama/react-starter-kit-twitter/blob/master/CONTRIBUTING.md
dhiles/keystuff,dhiles/keystuff/blob/master/CONTRIBUTING.md
docker/kitematic,docker/kitematic/blob/master/CONTRIBUTING.md
numo16/kitematic,numo16/kitematic/blob/master/CONTRIBUTING.md
sanyamagrawal/royalgeni,sanyamagrawal/royalgeni/blob/master/CONTRIBUTING.md
bado22/react-progressbar.js,bado22/react-progressbar.js/blob/master/CONTRIBUTING.md
xanf/letsreact2,xanf/letsreact2/blob/master/CONTRIBUTING.md
Industrys/SuburbianRex,Industrys/SuburbianRex/blob/master/CONTRIBUTING.md
abgordon/Sexy-Jesus,abgordon/Sexy-Jesus/blob/master/CONTRIBUTING.md
jasoncyu/always-be-bulking,jasoncyu/always-be-bulking/blob/master/CONTRIBUTING.md
devypt/reddit-mobile,devypt/reddit-mobile/blob/master/CONTRIBUTING.md
Thundabrow/black-screen,Thundabrow/black-screen/blob/master/CONTRIBUTING.md
ayal/albi,ayal/albi/blob/gh-pages/CONTRIBUTING.md
tech-dojo/mern,tech-dojo/mern/blob/master/CONTRIBUTING.md
koba04/en.blog,koba04/en.blog/blob/master/CONTRIBUTING.md
MinimalNoise/vente,MinimalNoise/vente/blob/dev/main/CONTRIBUTING.md
jkrems/DotCi,jkrems/DotCi/blob/master/CONTRIBUTING.md
abstractitptyltd/kitematic,abstractitptyltd/kitematic/blob/master/CONTRIBUTING.md
cientopolis/collaboratory-frontend,cientopolis/collaboratory-frontend/blob/master/CONTRIBUTING.md
codejunkienick/katakana,codejunkienick/katakana/blob/master/CONTRIBUTING.md
coferc/pivot,coferc/pivot/blob/master/CONTRIBUTING.md
moondev/kitematic,moondev/kitematic/blob/master/CONTRIBUTING.md
DogPawHat/reddit-mobile,DogPawHat/reddit-mobile/blob/master/CONTRIBUTING.md
Ashstreet/Polling,Ashstreet/Polling/blob/master/CONTRIBUTING.md
koistya/aspnet-starter-kit,koistya/aspnet-starter-kit/blob/master/CONTRIBUTING.md
toddbontrager/pluribus,toddbontrager/pluribus/blob/master/CONTRIBUTING.md
anitu/NextFlick,anitu/NextFlick/blob/master/CONTRIBUTING.md
chute/turbine,chute/turbine/blob/master/CONTRIBUTING.md
LidaDimitriadi/Poker-React,LidaDimitriadi/Poker-React/blob/master/CONTRIBUTING.md
traptrilliams/kings,traptrilliams/kings/blob/master/CONTRIBUTING.md
junyper/react-range-input,junyper/react-range-input/blob/master/CONTRIBUTING.md
w9jds/black-screen,w9jds/black-screen/blob/master/CONTRIBUTING.md
jgraichen/redmine_dashboard,jgraichen/redmine_dashboard/blob/master/CONTRIBUTING.md
attentiveness/reading,attentiveness/reading/blob/master/CONTRIBUTING.md
kschat/plaidchat,kschat/plaidchat/blob/master/CONTRIBUTING.md
palcu/infoeducatie-ui,palcu/infoeducatie-ui/blob/master/CONTRIBUTING.md
FerreiraRaphael/Music-Player-Testes,FerreiraRaphael/Music-Player-Testes/blob/master/CONTRIBUTING.md
bingomanatee/ridecell,bingomanatee/ridecell/blob/master/CONTRIBUTING.md
shanzhaicity/frontend-demo,shanzhaicity/frontend-demo/blob/master/CONTRIBUTING.md
ipfs/webui,ipfs/webui/blob/master/CONTRIBUTING.md
vaffel/react-components,vaffel/react-components/blob/master/CONTRIBUTING.md
theinterned/statflo_ui_challenge,theinterned/statflo_ui_challenge/blob/master/CONTRIBUTING.md
mikedingjan/wagtail,mikedingjan/wagtail/blob/master/CONTRIBUTING.md
nagucc/jkef-wxe,nagucc/jkef-wxe/blob/master/CONTRIBUTING.md
spirewebsitedesign/react-redux-tic-tac-toe,spirewebsitedesign/react-redux-tic-tac-toe/blob/master/CONTRIBUTING.md
gregsabo/beanstalk-movie-critic,gregsabo/beanstalk-movie-critic/blob/master/CONTRIBUTING.md
moje-skoly/web-app,moje-skoly/web-app/blob/master/CONTRIBUTING.md
mozilla/mozlando-frontend-demo,mozilla/mozlando-frontend-demo/blob/master/CONTRIBUTING.md
lunatik-210/monoqi-challange,lunatik-210/monoqi-challange/blob/master/CONTRIBUTING.md
francesconero/keystone,francesconero/keystone/blob/master/CONTRIBUTING.md
defenseone/Chartbuilder,defenseone/Chartbuilder/blob/master/CONTRIBUTING.md
jstockwin/keystone,jstockwin/keystone/blob/master/CONTRIBUTING.md
AndreasW73/Riksdagskoll,AndreasW73/Riksdagskoll/blob/master/CONTRIBUTING.md
Crash--/react-native,Crash--/react-native/blob/master/CONTRIBUTING.md
MRN-Code/coinstac-ui,MRN-Code/coinstac-ui/blob/master/CONTRIBUTING.md
hank7444/react-redux-universal-hot-example,hank7444/react-redux-universal-hot-example/blob/master/CONTRIBUTING.md
avivklas/keystone,avivklas/keystone/blob/master/CONTRIBUTING.md
bestschool/web,bestschool/web/blob/master/CONTRIBUTING.md
eduvon0220/react-native,eduvon0220/react-native/blob/master/CONTRIBUTING.md
willowtreeapps/react-sapling,willowtreeapps/react-sapling/blob/develop/CONTRIBUTING.md
terakilobyte/react-redux-starter-kit,terakilobyte/react-redux-starter-kit/blob/master/CONTRIBUTING.md
zack-shoylev/client,zack-shoylev/client/blob/master/CONTRIBUTING.md
Futurealms/noDelay.co,Futurealms/noDelay.co/blob/master/CONTRIBUTING.md
zenefits/sentry,zenefits/sentry/blob/master/CONTRIBUTING.md
mxenabled/mx-react-components,mxenabled/mx-react-components/blob/master/CONTRIBUTING.md
xnova/ogame,xnova/ogame/blob/master/CONTRIBUTING.md
w01fgang/keystone,w01fgang/keystone/blob/master/CONTRIBUTING.md
joxoo/react-material,joxoo/react-material/blob/master/CONTRIBUTING.md
Shugar/twinspires,Shugar/twinspires/blob/master/CONTRIBUTING.md
jaaapi/parrot-web,jaaapi/parrot-web/blob/master/CONTRIBUTING.md
jessepollak/command,jessepollak/command/blob/master/CONTRIBUTING.md
jyt109/pivot,jyt109/pivot/blob/master/CONTRIBUTING.md
amitmawkin/explorer,amitmawkin/explorer/blob/master/CONTRIBUTING.md
fdlk/gavin,fdlk/gavin/blob/master/CONTRIBUTING.md
quamilek/marathon-ui,quamilek/marathon-ui/blob/master/CONTRIBUTING.md
mattfarina/grommet,mattfarina/grommet/blob/master/CONTRIBUTING.md
pagarme/api-reference,pagarme/api-reference/blob/master/CONTRIBUTING.md
0xcdc/rfb-client-app,0xcdc/rfb-client-app/blob/master/CONTRIBUTING.md
mcfa77y/isla_de_pescua,mcfa77y/isla_de_pescua/blob/master/CONTRIBUTING.md
ryayak1460/truck-scenario-client,ryayak1460/truck-scenario-client/blob/master/CONTRIBUTING.md
ironmanLee/my_calypso,ironmanLee/my_calypso/blob/master/CONTRIBUTING.md
Keepsite/react-d3,Keepsite/react-d3/blob/master/CONTRIBUTING.md
mapbox/team-directory,mapbox/team-directory/blob/master/CONTRIBUTING.md
openactive/open-sessions,openactive/open-sessions/blob/master/CONTRIBUTING.md
TannerRogalsky/react-d3,TannerRogalsky/react-d3/blob/master/CONTRIBUTING.md
ThatCheck/AutoLib,ThatCheck/AutoLib/blob/master/CONTRIBUTING.md
WofloW/keystone,WofloW/keystone/blob/master/CONTRIBUTING.md
abought/PaperBadger,abought/PaperBadger/blob/master/CONTRIBUTING.md
brettkan/relay,brettkan/relay/blob/master/CONTRIBUTING.md
okmttdhr/okmttdhr.github.io.src,okmttdhr/okmttdhr.github.io.src/blob/master/CONTRIBUTING.md
prince1809/grommet,prince1809/grommet/blob/master/CONTRIBUTING.md
Poltergeist-HA/Poltergeist-HA,Poltergeist-HA/Poltergeist-HA/blob/master/CONTRIBUTING.md
steelx/ReduxWeatherApp,steelx/ReduxWeatherApp/blob/master/CONTRIBUTING.md
dpickett/name-game,dpickett/name-game/blob/master/CONTRIBUTING.md
xuvw/atom,xuvw/atom/blob/master/CONTRIBUTING.md
silentbalanceyh/rtv,silentbalanceyh/rtv/blob/develop/CONTRIBUTING.md
DoinkDoink/block-and-frame,DoinkDoink/block-and-frame/blob/master/CONTRIBUTING.md
lyef/lyef-react-component,lyef/lyef-react-component/blob/master/CONTRIBUTING.md
availabs/kauffman-atlas,availabs/kauffman-atlas/blob/master/CONTRIBUTING.md
teemuteemu/veras-isomorphic,teemuteemu/veras-isomorphic/blob/master/CONTRIBUTING.md
9ic/movtinder,9ic/movtinder/blob/master/CONTRIBUTING.md
joaoneto/Atellier,joaoneto/Atellier/blob/development/CONTRIBUTING.md
folksy-squid/Picky-Notes,folksy-squid/Picky-Notes/blob/master/CONTRIBUTING.md
aaronsky500/starmen-badge-guide,aaronsky500/starmen-badge-guide/blob/master/CONTRIBUTING.md
batazor/labelMap,batazor/labelMap/blob/master/CONTRIBUTING.md
ghoshnirmalya/FeedApp,ghoshnirmalya/FeedApp/blob/master/CONTRIBUTING.md
AnhHT/my-first-reactjs,AnhHT/my-first-reactjs/blob/master/CONTRIBUTING.md
maximhoffman/beginnertuts,maximhoffman/beginnertuts/blob/master/CONTRIBUTING.md
GriffinHeart/button-page,GriffinHeart/button-page/blob/master/CONTRIBUTING.md
lw7360/react-progressbar.js,lw7360/react-progressbar.js/blob/master/CONTRIBUTING.md
Rebelizer/germ,Rebelizer/germ/blob/master/CONTRIBUTING.md
BuildingLink/sentry,BuildingLink/sentry/blob/master/CONTRIBUTING.md
lencioni/gift-thing,lencioni/gift-thing/blob/master/CONTRIBUTING.md
emilkje/kitematic,emilkje/kitematic/blob/master/CONTRIBUTING.md
experoinc/react-client-starter,experoinc/react-client-starter/blob/master/CONTRIBUTING.md
hack-duke/hackduke-portal,hack-duke/hackduke-portal/blob/master/CONTRIBUTING.md
hacktx/nucleus,hacktx/nucleus/blob/master/CONTRIBUTING.md
jdfreder/nteract,jdfreder/nteract/blob/master/CONTRIBUTING.md
carteb/carte-blanche,carteb/carte-blanche/blob/master/CONTRIBUTING.md
davrodpin/grommet,davrodpin/grommet/blob/master/CONTRIBUTING.md
shiroganee/react-redux-universal-hot-example,shiroganee/react-redux-universal-hot-example/blob/master/CONTRIBUTING.md
jousting-fern/soctionary,jousting-fern/soctionary/blob/master/CONTRIBUTING.md
maksymfedenko/Depot_front,maksymfedenko/Depot_front/blob/master/CONTRIBUTING.md
nicolasyanncouturier/react-d3,nicolasyanncouturier/react-d3/blob/master/CONTRIBUTING.md
gohup/react_testcase,gohup/react_testcase/blob/master/CONTRIBUTING.md
haozeng/react-redux-filter,haozeng/react-redux-filter/blob/master/CONTRIBUTING.md
agiron123/react-starter-kit-TDDOList,agiron123/react-starter-kit-TDDOList/blob/master/CONTRIBUTING.md
philtoms/sky-bill,philtoms/sky-bill/blob/master/CONTRIBUTING.md
marcelaraujo/react-auto-fetching-example,marcelaraujo/react-auto-fetching-example/blob/master/CONTRIBUTING.md
mitsuhiko/sentry,mitsuhiko/sentry/blob/master/CONTRIBUTING.md
mugurrus/superdesk-client-core,mugurrus/superdesk-client-core/blob/master/CONTRIBUTING.md
vitruvian-tech/tree-trunk,vitruvian-tech/tree-trunk/blob/master/CONTRIBUTING.md
esbullington/react-d3,esbullington/react-d3/blob/master/CONTRIBUTING.md
bamtron5/ReactRedux,bamtron5/ReactRedux/blob/master/CONTRIBUTING.md
charlesponti/react-starter,charlesponti/react-starter/blob/master/CONTRIBUTING.md
HewlettPackard/grommet,HewlettPackard/grommet/blob/master/CONTRIBUTING.md
Phyks/ampache_react,Phyks/ampache_react/blob/master/CONTRIBUTING.md
sfarthin/youtube-search,sfarthin/youtube-search/blob/master/CONTRIBUTING.md
sonnylazuardi/bible-redux,sonnylazuardi/bible-redux/blob/master/CONTRIBUTING.md
watson-developer-cloud/visual-recognition-nodejs,watson-developer-cloud/visual-recognition-nodejs/blob/master/CONTRIBUTING.md
dadish-etudes/react-todo,dadish-etudes/react-todo/blob/master/CONTRIBUTING.md
mikiovsh/link,mikiovsh/link/blob/master/CONTRIBUTING.md
moroshko/accessible-colors,moroshko/accessible-colors/blob/master/CONTRIBUTING.md
opensource-cards/react-pages-switcher,opensource-cards/react-pages-switcher/blob/master/CONTRIBUTING.md
sjockers/teikei,sjockers/teikei/blob/master/CONTRIBUTING.md
nnnnathann/react-d3,nnnnathann/react-d3/blob/master/CONTRIBUTING.md
raisemarketplace/ground-control,raisemarketplace/ground-control/blob/master/CONTRIBUTING.md
michaelerobertsjr/lesson-code-editor,michaelerobertsjr/lesson-code-editor/blob/master/CONTRIBUTING.md
aolesky/react-devtools,aolesky/react-devtools/blob/master/CONTRIBUTING.md
google/stijl,google/stijl/blob/master/CONTRIBUTING.md
anara123/react-redux-starter,anara123/react-redux-starter/blob/master/CONTRIBUTING.md
stranbury/react-miuus,stranbury/react-miuus/blob/master/CONTRIBUTING.md
38Slava/redux-webrtc,38Slava/redux-webrtc/blob/dev/CONTRIBUTING.md
raineroviir/SUWProject,raineroviir/SUWProject/blob/master/CONTRIBUTING.md
multunus/react-native-boilerplate,multunus/react-native-boilerplate/blob/master/CONTRIBUTING.md
dbrelovsky/react-boilerplate,dbrelovsky/react-boilerplate/blob/master/CONTRIBUTING.md
foglerek/yn-mafia,foglerek/yn-mafia/blob/master/CONTRIBUTING.md
gregsabo/beanstalk-tractor-trailer,gregsabo/beanstalk-tractor-trailer/blob/master/CONTRIBUTING.md
Manuel-Manoury/gitlab-ci-ui,Manuel-Manoury/gitlab-ci-ui/blob/master/CONTRIBUTING.md
RomanovRoman/react-redux-universal-hot-example,RomanovRoman/react-redux-universal-hot-example/blob/master/CONTRIBUTING.md
SteveHoggNZ/Choice-As,SteveHoggNZ/Choice-As/blob/master/CONTRIBUTING.md
marksanghoonkim/nimblecode,marksanghoonkim/nimblecode/blob/dev/CONTRIBUTING.md
mozilla/teach.mozilla.org,mozilla/teach.mozilla.org/blob/develop/CONTRIBUTING.md
lastjune/keystone,lastjune/keystone/blob/master/CONTRIBUTING.md
mdboop/agnition,mdboop/agnition/blob/master/CONTRIBUTING.md
pavlovicnemanja/superdesk-client-core,pavlovicnemanja/superdesk-client-core/blob/master/CONTRIBUTING.md
sljohn/drivus,sljohn/drivus/blob/master/CONTRIBUTING.md
AAorris/tofino,AAorris/tofino/blob/master/CONTRIBUTING.md
1974kpkpkp/atom,1974kpkpkp/atom/blob/master/CONTRIBUTING.md
bernardAdark/myCrib-doc,bernardAdark/myCrib-doc/blob/master/CONTRIBUTING.md
bieliaievays/mySite,bieliaievays/mySite/blob/master/CONTRIBUTING.md
pawelniewie/presento,pawelniewie/presento/blob/master/CONTRIBUTING.md
wustxing/keystone,wustxing/keystone/blob/master/CONTRIBUTING.md
labzero/lunch,labzero/lunch/blob/master/CONTRIBUTING.md
Memorabilio/memorabil.io,Memorabilio/memorabil.io/blob/master/CONTRIBUTING.md
MasaoIshikawa/ParkSuiteWeb,MasaoIshikawa/ParkSuiteWeb/blob/master/CONTRIBUTING.md
MozillaFoundation/mofo-example-app,MozillaFoundation/mofo-example-app/blob/master/CONTRIBUTING.md
Schubidu/gambling-block,Schubidu/gambling-block/blob/master/CONTRIBUTING.md
Croissong/sntModelViewer,Croissong/sntModelViewer/blob/master/CONTRIBUTING.md
web24studios/flux-examples,web24studios/flux-examples/blob/master/CONTRIBUTING.md
AjuntamentdeBarcelona/decidim.barcelona,AjuntamentdeBarcelona/decidim.barcelona/blob/master/CONTRIBUTING.md
abramz/champion-select,abramz/champion-select/blob/master/CONTRIBUTING.md
aml-development/ozp-hud,aml-development/ozp-hud/blob/master/CONTRIBUTING.md
aleksie/codenames,aleksie/codenames/blob/master/CONTRIBUTING.md
EmilShakirov/cetragram_client,EmilShakirov/cetragram_client/blob/master/CONTRIBUTING.md
cs2340-titans/RoastWeb,cs2340-titans/RoastWeb/blob/master/CONTRIBUTING.md
jeremiahrhall/react-redux-universal-hot-example,jeremiahrhall/react-redux-universal-hot-example/blob/master/CONTRIBUTING.md
lagache/e-voting-client,lagache/e-voting-client/blob/master/CONTRIBUTING.md
lloydho/react-native,lloydho/react-native/blob/master/CONTRIBUTING.md
JimSangwine/react-redux-mocking,JimSangwine/react-redux-mocking/blob/master/CONTRIBUTING.md
steptools/StepNCViewer,steptools/StepNCViewer/blob/master/CONTRIBUTING.md
teepluss/electron-photon,teepluss/electron-photon/blob/master/CONTRIBUTING.md
one-love/frontend,one-love/frontend/blob/master/CONTRIBUTING.md
FormidableLabs/component-playground,FormidableLabs/component-playground/blob/master/CONTRIBUTING.md
damirv/react-redux-starter-kit,damirv/react-redux-starter-kit/blob/master/CONTRIBUTING.md
alliance-genome/agr_prototype,alliance-genome/agr_prototype/blob/master/CONTRIBUTING.md
partyrooms/web,partyrooms/web/blob/master/CONTRIBUTING.md
ThatCheck/ReactProjectRaspberrySchool,ThatCheck/ReactProjectRaspberrySchool/blob/master/CONTRIBUTING.md
chatenilesh/kitematic,chatenilesh/kitematic/blob/master/CONTRIBUTING.md
altonzheng/PHC,altonzheng/PHC/blob/master/CONTRIBUTING.md
PGS-dev/framapp-react,PGS-dev/framapp-react/blob/master/CONTRIBUTING.md
personable/react-context-box,personable/react-context-box/blob/master/CONTRIBUTING.md
samueljmurray/anniemurray,samueljmurray/anniemurray/blob/master/CONTRIBUTING.md
Agnition/agnition,Agnition/agnition/blob/dev/CONTRIBUTING.md
joe-re/react-data-grid,joe-re/react-data-grid/blob/master/CONTRIBUTING.md
mclxly/react-study,mclxly/react-study/blob/master/CONTRIBUTING.md
yurikrupnik/meaner,yurikrupnik/meaner/blob/master/CONTRIBUTING.md
staltz/cycle-react,staltz/cycle-react/blob/master/CONTRIBUTING.md
chriscartlidge/percorsi,chriscartlidge/percorsi/blob/master/CONTRIBUTING.md
echomobi/echo-sense,echomobi/echo-sense/blob/develop/CONTRIBUTING.md
ipanasenko/temp,ipanasenko/temp/blob/master/CONTRIBUTING.md
jshin47/ireactforyou,jshin47/ireactforyou/blob/master/CONTRIBUTING.md
vutran/dext,vutran/dext/blob/develop/CONTRIBUTING.md
mscam/superdesk-client-core,mscam/superdesk-client-core/blob/master/CONTRIBUTING.md
naustudio/keystone,naustudio/keystone/blob/master/CONTRIBUTING.md
sjmueller/react-native,sjmueller/react-native/blob/master/CONTRIBUTING.md
seespace/dota2assistant,seespace/dota2assistant/blob/master/CONTRIBUTING.md
sensduo/flux-examples,sensduo/flux-examples/blob/master/CONTRIBUTING.md
steptools/NC.js,steptools/NC.js/blob/master/CONTRIBUTING.md
PassaP/passap-fronend,PassaP/passap-fronend/blob/master/CONTRIBUTING.md
steelbrain/linter-ui-default,steelbrain/linter-ui-default/blob/master/CONTRIBUTING.md
thebergamo/ecommercejs-frontend,thebergamo/ecommercejs-frontend/blob/master/CONTRIBUTING.md
thanhiro/tuha-ui-tpl,thanhiro/tuha-ui-tpl/blob/master/CONTRIBUTING.md
mingyuchoo/mg-react-starter-kit,mingyuchoo/mg-react-starter-kit/blob/master/CONTRIBUTING.md
abkfenris/inferno-react,abkfenris/inferno-react/blob/master/CONTRIBUTING.md
jdr0dn3y/keystone,jdr0dn3y/keystone/blob/master/CONTRIBUTING.md
magul/streetmix,magul/streetmix/blob/master/CONTRIBUTING.md
AndrewTHuang/fear-the-repo,AndrewTHuang/fear-the-repo/blob/dev/CONTRIBUTING.md
adammockor/fridge,adammockor/fridge/blob/master/CONTRIBUTING.md
afonsopacifer/react-pomodoro,afonsopacifer/react-pomodoro/blob/master/CONTRIBUTING.md
kitematic/kitematic,kitematic/kitematic/blob/master/CONTRIBUTING.md
sunesimonsen/next-level-testing,sunesimonsen/next-level-testing/blob/master/CONTRIBUTING.md
OndrejPulicar/GridEditor,OndrejPulicar/GridEditor/blob/master/CONTRIBUTING.md
RakanNimer/react-google-charts,RakanNimer/react-google-charts/blob/master/CONTRIBUTING.md
fforres/coworks,fforres/coworks/blob/master/CONTRIBUTING.md
bennyhung/SpeechDoctor,bennyhung/SpeechDoctor/blob/master/CONTRIBUTING.md
chadoh/isoredux,chadoh/isoredux/blob/master/CONTRIBUTING.md
tmcgoo/keystone,tmcgoo/keystone/blob/master/CONTRIBUTING.md
hengheng0haha/hermes-dashboard,hengheng0haha/hermes-dashboard/blob/master/CONTRIBUTING.md
fayizk1/react-data-grid,fayizk1/react-data-grid/blob/master/CONTRIBUTING.md
mathieumg/plaidchat,mathieumg/plaidchat/blob/master/CONTRIBUTING.md
mesosphere/marathon-ui,mesosphere/marathon-ui/blob/master/CONTRIBUTING.md
tomasreichmann/cards,tomasreichmann/cards/blob/master/CONTRIBUTING.md
gordillo99/fixo,gordillo99/fixo/blob/master/CONTRIBUTING.md
jmdobry/RequelPro,jmdobry/RequelPro/blob/master/CONTRIBUTING.md
mhartington/cordova-docs,mhartington/cordova-docs/blob/master/CONTRIBUTING.md
camallen/Panoptes-Front-End,camallen/Panoptes-Front-End/blob/master/CONTRIBUTING.md
bruceli1986/contract-react,bruceli1986/contract-react/blob/master/CONTRIBUTING.md
pubpub/pubpub,pubpub/pubpub/blob/master/CONTRIBUTING.md
syncids/syncids-ui,syncids/syncids-ui/blob/develop/CONTRIBUTING.md
nonchalantkettle/SpeechDoctor,nonchalantkettle/SpeechDoctor/blob/master/CONTRIBUTING.md
lqs469/node-graph,lqs469/node-graph/blob/master/CONTRIBUTING.md
jenyckee/react-redux-midi-rtc,jenyckee/react-redux-midi-rtc/blob/master/CONTRIBUTING.md
maksymfedenko/music_shop_front,maksymfedenko/music_shop_front/blob/master/CONTRIBUTING.md
ThrivingKings/animo,ThrivingKings/animo/blob/master/CONTRIBUTING.md
Node-X/amazeui-react,Node-X/amazeui-react/blob/master/CONTRIBUTING.md
juanda99/react-redux-material-ui,juanda99/react-redux-material-ui/blob/master/CONTRIBUTING.md
snow798/reactText,snow798/reactText/blob/master/CONTRIBUTING.md
Anomen/Howdypost,Anomen/Howdypost/blob/master/CONTRIBUTING.md
CronosMax/firsttryreack,CronosMax/firsttryreack/blob/master/CONTRIBUTING.md
Illyism/sample-dashboard,Illyism/sample-dashboard/blob/master/CONTRIBUTING.md
TucsonReactJS/react-perf,TucsonReactJS/react-perf/blob/master/CONTRIBUTING.md
wasap/vibration,wasap/vibration/blob/master/CONTRIBUTING.md
kalmakazi/jskalltheway,kalmakazi/jskalltheway/blob/master/CONTRIBUTING.md
bbtran/Regexcellence,bbtran/Regexcellence/blob/dev/CONTRIBUTING.md
brobits/react-stockcharts,brobits/react-stockcharts/blob/master/CONTRIBUTING.md
bemusic/bemuse,bemusic/bemuse/blob/master/CONTRIBUTING.md
poorbug/poorbug.github.io,poorbug/poorbug.github.io/blob/master/CONTRIBUTING.md
trevorgk/react-solitaire,trevorgk/react-solitaire/blob/master/CONTRIBUTING.md
Parametric/OctopusDeployCommunityLibrary,Parametric/OctopusDeployCommunityLibrary/blob/master/CONTRIBUTING.md
SexualHealthInnovations/callisto-sample-project,SexualHealthInnovations/callisto-sample-project/blob/master/CONTRIBUTING.md
bangarang/blaze,bangarang/blaze/blob/master/CONTRIBUTING.md
ghoshnirmalya/githubclient,ghoshnirmalya/githubclient/blob/master/CONTRIBUTING.md
yp-engineering/marathon-ui,yp-engineering/marathon-ui/blob/master/CONTRIBUTING.md
kwangkim/keystone,kwangkim/keystone/blob/master/CONTRIBUTING.md
SFDevLabs/wholeocean,SFDevLabs/wholeocean/blob/master/CONTRIBUTING.md
chandu0101/react-native-web,chandu0101/react-native-web/blob/master/CONTRIBUTING.md
furf/lessigram,furf/lessigram/blob/master/CONTRIBUTING.md
hukid/shootingstudio,hukid/shootingstudio/blob/master/CONTRIBUTING.md
swiss-virtual/occ,swiss-virtual/occ/blob/master/CONTRIBUTING.md
GoBoundless/react-redux-universal-hot-example,GoBoundless/react-redux-universal-hot-example/blob/master/CONTRIBUTING.md
AndyLiou/tibame-2.0-dev,AndyLiou/tibame-2.0-dev/blob/master/CONTRIBUTING.md
Boelensman1/championpick2,Boelensman1/championpick2/blob/master/CONTRIBUTING.md
naturebismo/frontend,naturebismo/frontend/blob/master/CONTRIBUTING.md
notonthehighstreet/toga,notonthehighstreet/toga/blob/master/CONTRIBUTING.md
Light1c3/ResumeSite,Light1c3/ResumeSite/blob/master/CONTRIBUTING.md
Maai/markn,Maai/markn/blob/master/CONTRIBUTING.md
ahmadassaf/Telescope,ahmadassaf/Telescope/blob/master/CONTRIBUTING.md
superdesk/superdesk-client-core,superdesk/superdesk-client-core/blob/master/CONTRIBUTING.md
unsworn/keystone,unsworn/keystone/blob/master/CONTRIBUTING.md
dreambo8563/RSK,dreambo8563/RSK/blob/master/CONTRIBUTING.md
dont-fear-the-repo/fear-the-repo,dont-fear-the-repo/fear-the-repo/blob/dev/CONTRIBUTING.md
fustic/here-hackaton,fustic/here-hackaton/blob/master/CONTRIBUTING.md
vyorkin/starter-kit,vyorkin/starter-kit/blob/master/CONTRIBUTING.md
webteckie/keystone,webteckie/keystone/blob/master/CONTRIBUTING.md
zillding/react-console,zillding/react-console/blob/master/CONTRIBUTING.md
lmorchard/testpilot,lmorchard/testpilot/blob/master/CONTRIBUTING.md
davidbanham/keystone,davidbanham/keystone/blob/master/CONTRIBUTING.md
lenshq/lens_front,lenshq/lens_front/blob/master/CONTRIBUTING.md
curioussavage/reddit-mobile,curioussavage/reddit-mobile/blob/master/CONTRIBUTING.md
L2D22/RPS,L2D22/RPS/blob/master/CONTRIBUTING.md
nylas/N1,nylas/N1/blob/master/CONTRIBUTING.md
olslash/wp,olslash/wp/blob/master/CONTRIBUTING.md
ShiftOS/ShiftRedux,ShiftOS/ShiftRedux/blob/master/CONTRIBUTING.md
topogram/topogram,topogram/topogram/blob/master/CONTRIBUTING.md
ctmunwebmaster/huxley,ctmunwebmaster/huxley/blob/master/CONTRIBUTING.md
skarlinski/inpractice,skarlinski/inpractice/blob/master/CONTRIBUTING.md
AngryPulpGophers/fairshare,AngryPulpGophers/fairshare/blob/master/CONTRIBUTING.md
abachuk/quotes,abachuk/quotes/blob/master/CONTRIBUTING.md
cameronolivier/reddit-sentiment,cameronolivier/reddit-sentiment/blob/master/CONTRIBUTING.md
flipstewart/react-devtools,flipstewart/react-devtools/blob/master/CONTRIBUTING.md
gregsabo/beanstalk-raining-in-belgrade,gregsabo/beanstalk-raining-in-belgrade/blob/master/CONTRIBUTING.md
ashwinrayaprolu1984/tcomb-form,ashwinrayaprolu1984/tcomb-form/blob/master/CONTRIBUTING.md
corydolphin/kanban-github,corydolphin/kanban-github/blob/master/CONTRIBUTING.md
neemzy/putaindecode.fr,neemzy/putaindecode.fr/blob/master/CONTRIBUTING.md
unbiased-marsupial/job-spotter,unbiased-marsupial/job-spotter/blob/master/CONTRIBUTING.md
wwwfreedom/FCC,wwwfreedom/FCC/blob/master/CONTRIBUTING.md
yoohan-dex/myBlog,yoohan-dex/myBlog/blob/master/CONTRIBUTING.md
benbenye/react-on-react-start-kit,benbenye/react-on-react-start-kit/blob/master/CONTRIBUTING.md
ecocitybuilders/urbinsight,ecocitybuilders/urbinsight/blob/master/CONTRIBUTING.md
kudos/kitematic,kudos/kitematic/blob/master/CONTRIBUTING.md
hontas/react-autocomplete,hontas/react-autocomplete/blob/master/CONTRIBUTING.md
jdconner/ConnerLee,jdconner/ConnerLee/blob/master/CONTRIBUTING.md
robotlolita/raven,robotlolita/raven/blob/master/CONTRIBUTING.md
vincentbello/isomorphic-networker,vincentbello/isomorphic-networker/blob/master/CONTRIBUTING.md
yangshun/commitbait,yangshun/commitbait/blob/master/CONTRIBUTING.md
neiled/lemons,neiled/lemons/blob/master/CONTRIBUTING.md
lnps/ued-keystone,lnps/ued-keystone/blob/master/CONTRIBUTING.md
sergiodxa/react-intl,sergiodxa/react-intl/blob/master/CONTRIBUTING.md
guymorita/creditTiger,guymorita/creditTiger/blob/master/CONTRIBUTING.md
zalando/zappr,zalando/zappr/blob/master/CONTRIBUTING.md
tobyredd/rd3,tobyredd/rd3/blob/master/CONTRIBUTING.md
ieugen/grommet,ieugen/grommet/blob/master/CONTRIBUTING.md
arkeros/react-native-starter-kit,arkeros/react-native-starter-kit/blob/master/CONTRIBUTING.md
Kielan/react-menu-simple,Kielan/react-menu-simple/blob/master/CONTRIBUTING.md
stefanwille/react-todo,stefanwille/react-todo/blob/master/CONTRIBUTING.md
ORCID/PaperBadger,ORCID/PaperBadger/blob/master/CONTRIBUTING.md
shtefanntz/cw,shtefanntz/cw/blob/master/CONTRIBUTING.md
tumblr/data-lasso,tumblr/data-lasso/blob/master/CONTRIBUTING.md
twolfson/plaidchat,twolfson/plaidchat/blob/master/CONTRIBUTING.md
qq83387856/React,qq83387856/React/blob/startkit/CONTRIBUTING.md
bookbrainz/bookbrainz-site,bookbrainz/bookbrainz-site/blob/master/CONTRIBUTING.md
WingedToaster/keystone,WingedToaster/keystone/blob/master/CONTRIBUTING.md
zepgupta/Summary-App,zepgupta/Summary-App/blob/master/CONTRIBUTING.md
lian1925/redux,lian1925/redux/blob/master/CONTRIBUTING.md
blueberryapps/ruby-on-rails-second-round-frontend,blueberryapps/ruby-on-rails-second-round-frontend/blob/master/CONTRIBUTING.md
dougshamoo/brainado,dougshamoo/brainado/blob/dev/CONTRIBUTING.md
janceChun/redux-docker-swarm,janceChun/redux-docker-swarm/blob/master/CONTRIBUTING.md
udnisap/react-native,udnisap/react-native/blob/master/CONTRIBUTING.md
wmertens/keystone,wmertens/keystone/blob/master/CONTRIBUTING.md
CKrawczyk/Panoptes-Front-End,CKrawczyk/Panoptes-Front-End/blob/master/CONTRIBUTING.md
andrefarzat/react-router,andrefarzat/react-router/blob/0.13.x/CONTRIBUTING.md
kolpav/react-redux-starter-kit,kolpav/react-redux-starter-kit/blob/master/CONTRIBUTING.md
DigitalRiver/react-atlas,DigitalRiver/react-atlas/blob/master/CONTRIBUTING.md
Adam14Four/keystone,Adam14Four/keystone/blob/master/CONTRIBUTING.md
Adslot/alexandria,Adslot/alexandria/blob/master/CONTRIBUTING.md
sahat/boilerplate,sahat/boilerplate/blob/master/CONTRIBUTING.md
timfallmk/kitematic,timfallmk/kitematic/blob/master/CONTRIBUTING.md
nathanial/react-data-grid,nathanial/react-data-grid/blob/master/CONTRIBUTING.md
dumbNickname/oasp4js-goes-react,dumbNickname/oasp4js-goes-react/blob/master/CONTRIBUTING.md
flosse/kartevonmorgen,flosse/kartevonmorgen/blob/master/CONTRIBUTING.md
baopham/react-laravel-generator,baopham/react-laravel-generator/blob/dev/CONTRIBUTING.md
hzoo/shengji,hzoo/shengji/blob/development/CONTRIBUTING.md
rbdone/react-data-grid,rbdone/react-data-grid/blob/master/CONTRIBUTING.md
beni55/pellet,beni55/pellet/blob/master/CONTRIBUTING.md
zzhero/tomatoTime,zzhero/tomatoTime/blob/master/CONTRIBUTING.md
everisARQ/keystone,everisARQ/keystone/blob/master/CONTRIBUTING.md
JiriChara/react-redux-universal-hot-example,JiriChara/react-redux-universal-hot-example/blob/master/CONTRIBUTING.md
ko-ok/bikes,ko-ok/bikes/blob/master/CONTRIBUTING.md
power-rankings/frontend,power-rankings/frontend/blob/master/CONTRIBUTING.md
altairstudios/nebulosa,altairstudios/nebulosa/blob/master/CONTRIBUTING.md
daveham/ilgmrdx,daveham/ilgmrdx/blob/master/CONTRIBUTING.md
gladly-team/goodblock,gladly-team/goodblock/blob/master/CONTRIBUTING.md
kassens/react-devtools,kassens/react-devtools/blob/add-invariant-105/CONTRIBUTING.md
IndyXTechFellowship/Cultural-Trail-Web,IndyXTechFellowship/Cultural-Trail-Web/blob/master/CONTRIBUTING.md
trippian/trippian,trippian/trippian/blob/master/CONTRIBUTING.md
akoesnan/keystone,akoesnan/keystone/blob/master/CONTRIBUTING.md
jerome-poisson/superdesk-client-core,jerome-poisson/superdesk-client-core/blob/master/CONTRIBUTING.md
robertSahm/port,robertSahm/port/blob/master/CONTRIBUTING.md
coderoad/builder-coderoad,coderoad/builder-coderoad/blob/master/CONTRIBUTING.md
dervos/react-starter-kit,dervos/react-starter-kit/blob/master/CONTRIBUTING.md
TracklistMe/client-web,TracklistMe/client-web/blob/master/CONTRIBUTING.md
zunperior/wear4cast,zunperior/wear4cast/blob/master/CONTRIBUTING.md
Gouthamve/BINS-FRONT,Gouthamve/BINS-FRONT/blob/master/CONTRIBUTING.md
yuvilio/farmbot-web-app,yuvilio/farmbot-web-app/blob/master/CONTRIBUTING.md
gatsbyjs/gatsby,gatsbyjs/gatsby/blob/master/CONTRIBUTING.md
brianjd/keystone,brianjd/keystone/blob/master/CONTRIBUTING.md
gemscng/keystone,gemscng/keystone/blob/master/CONTRIBUTING.md
mozilla/learning.mozilla.org,mozilla/learning.mozilla.org/blob/master/CONTRIBUTING.md
jpchip/css-modules-demo,jpchip/css-modules-demo/blob/master/CONTRIBUTING.md
kiki-le-singe/react-redux-universal-boilerplate,kiki-le-singe/react-redux-universal-boilerplate/blob/master/CONTRIBUTING.md
kriasoft/react-starter-kit,kriasoft/react-starter-kit/blob/master/CONTRIBUTING.md
MarkPhillips7/happy-holidays,MarkPhillips7/happy-holidays/blob/master/CONTRIBUTING.md
prestonp/austingreenmap,prestonp/austingreenmap/blob/master/CONTRIBUTING.md
flipjs/test-react-router,flipjs/test-react-router/blob/master/CONTRIBUTING.md
jrzerr/react-redux-tsheets-app,jrzerr/react-redux-tsheets-app/blob/master/CONTRIBUTING.md
jbhoosreddy/debugger.html,jbhoosreddy/debugger.html/blob/master/CONTRIBUTING.md
mattbilbow/traviio,mattbilbow/traviio/blob/master/CONTRIBUTING.md
chkakaja/sentimize,chkakaja/sentimize/blob/master/CONTRIBUTING.md
transitlinks/web-app,transitlinks/web-app/blob/master/CONTRIBUTING.md
brooksn/iocupid,brooksn/iocupid/blob/master/CONTRIBUTING.md
Yaska/keystone,Yaska/keystone/blob/master/CONTRIBUTING.md
gharwood1/react-boilerplate,gharwood1/react-boilerplate/blob/master/CONTRIBUTING.md
holidayextras/ui-toolkit,holidayextras/ui-toolkit/blob/master/CONTRIBUTING.md
impact-learning/frontend-demo,impact-learning/frontend-demo/blob/master/CONTRIBUTING.md
guyellis/quizzical,guyellis/quizzical/blob/master/CONTRIBUTING.md
isp1r0/nerd-stack,isp1r0/nerd-stack/blob/master/CONTRIBUTING.md
inspiredtolive/Picky-Notes,inspiredtolive/Picky-Notes/blob/master/CONTRIBUTING.md
michaelBenin/flux-examples,michaelBenin/flux-examples/blob/master/CONTRIBUTING.md
mimiflynn/mern-recipes,mimiflynn/mern-recipes/blob/master/CONTRIBUTING.md
mistadikay/react-auto-fetching-example,mistadikay/react-auto-fetching-example/blob/master/CONTRIBUTING.md
pombredanne/django-sentry,pombredanne/django-sentry/blob/master/CONTRIBUTING.md
zjr/zjrio,zjr/zjrio/blob/master/CONTRIBUTING.md
mathewmeconry/black-screen,mathewmeconry/black-screen/blob/master/CONTRIBUTING.md
1egoman/backstroke,1egoman/backstroke/blob/master/CONTRIBUTING.md
borlaym/to-do,borlaym/to-do/blob/master/CONTRIBUTING.md
infoeducatie/infoeducatie-ui,infoeducatie/infoeducatie-ui/blob/master/CONTRIBUTING.md
smashwilson/deconst-client,smashwilson/deconst-client/blob/master/CONTRIBUTING.md
andrevvalle/react-mask,andrevvalle/react-mask/blob/master/CONTRIBUTING.md
jcgertig/black-screen,jcgertig/black-screen/blob/master/CONTRIBUTING.md
azasypkin/app,azasypkin/app/blob/master/CONTRIBUTING.md
Nanjaa/Webcomic,Nanjaa/Webcomic/blob/master/CONTRIBUTING.md
tonyxiao/segment-debugger,tonyxiao/segment-debugger/blob/master/CONTRIBUTING.md
viatsko/codingbox,viatsko/codingbox/blob/master/CONTRIBUTING.md
Alexoner/alexoner.github.com,Alexoner/alexoner.github.com/blob/master/CONTRIBUTING.md
SurfaceW/connectify_client,SurfaceW/connectify_client/blob/master/CONTRIBUTING.md
ngduc/react-setup,ngduc/react-setup/blob/master/CONTRIBUTING.md
ssbc/patchwork,ssbc/patchwork/blob/master/CONTRIBUTING.md
willy-b/datt,willy-b/datt/blob/master/CONTRIBUTING.md
itchio/itch,itchio/itch/blob/master/CONTRIBUTING.md
mauphes/own-git-project,mauphes/own-git-project/blob/master/CONTRIBUTING.md
alex-fernandez/reduxstarter,alex-fernandez/reduxstarter/blob/master/CONTRIBUTING.md
codeforamerica/streetmix,codeforamerica/streetmix/blob/master/CONTRIBUTING.md
cheddar/pivot,cheddar/pivot/blob/master/CONTRIBUTING.md
rompingstalactite/rompingstalactite,rompingstalactite/rompingstalactite/blob/master/CONTRIBUTING.md
gvn/webmaker-core,gvn/webmaker-core/blob/develop/CONTRIBUTING.md
C3-TKO/junkan,C3-TKO/junkan/blob/master/CONTRIBUTING.md
MisionTeam/MisionFrontend,MisionTeam/MisionFrontend/blob/master/CONTRIBUTING.md
AndriyShepitsen/chicago-business-redux,AndriyShepitsen/chicago-business-redux/blob/master/CONTRIBUTING.md
efernandesng/keystone,efernandesng/keystone/blob/master/CONTRIBUTING.md
jehrhardt/kitematic,jehrhardt/kitematic/blob/master/CONTRIBUTING.md
tangrams/tangram-play,tangrams/tangram-play/blob/master/CONTRIBUTING.md
huaiyudavid/rentech,huaiyudavid/rentech/blob/master/CONTRIBUTING.md
joopand/presensi,joopand/presensi/blob/master/CONTRIBUTING.md
andyshora/memory-tools,andyshora/memory-tools/blob/master/CONTRIBUTING.md
zedtux/kitematic,zedtux/kitematic/blob/master/CONTRIBUTING.md
cloudant/couchdb-fauxton,cloudant/couchdb-fauxton/blob/master/CONTRIBUTING.md
nexgencodecamp/offline-coding-app,nexgencodecamp/offline-coding-app/blob/gh-pages/CONTRIBUTING.md
gusreiber/OSS-plugin-site,gusreiber/OSS-plugin-site/blob/master/CONTRIBUTING.md
oliverox/react99,oliverox/react99/blob/master/CONTRIBUTING.md
onenorth/keystone,onenorth/keystone/blob/master/CONTRIBUTING.md
cgvarela/kitematic,cgvarela/kitematic/blob/master/CONTRIBUTING.md
como-quesito/react-data-grid,como-quesito/react-data-grid/blob/master/CONTRIBUTING.md
aadsm/react-devtools,aadsm/react-devtools/blob/master/CONTRIBUTING.md
EnrikoLabriko/react-redux-universal-hot-example,EnrikoLabriko/react-redux-universal-hot-example/blob/master/CONTRIBUTING.md
putaindecode/putaindecode.io,putaindecode/putaindecode.io/blob/master/CONTRIBUTING.md
heartnotes/heartnotes,heartnotes/heartnotes/blob/master/CONTRIBUTING.md
kevhuang/rallie,kevhuang/rallie/blob/master/CONTRIBUTING.md
kutou/react-starter-kit,kutou/react-starter-kit/blob/master/CONTRIBUTING.md
algolia/instantsearch.js,algolia/instantsearch.js/blob/develop/CONTRIBUTING.md
brandonmp/firebase_redux_bug,brandonmp/firebase_redux_bug/blob/master/CONTRIBUTING.md
cheton/cnc,cheton/cnc/blob/master/CONTRIBUTING.md
dirkbuslei/division_character_planer,dirkbuslei/division_character_planer/blob/master/CONTRIBUTING.md
redarrowlabs/tournavation-2015,redarrowlabs/tournavation-2015/blob/master/CONTRIBUTING.md
paolo-tn/MapStore2,paolo-tn/MapStore2/blob/master/CONTRIBUTING.md
shockone/black-screen,shockone/black-screen/blob/master/CONTRIBUTING.md
davecranwell/wagtail,davecranwell/wagtail/blob/master/CONTRIBUTING.md
mjasinski5/dashboardWookiees,mjasinski5/dashboardWookiees/blob/master/CONTRIBUTING.md
aml-development/ozp-center,aml-development/ozp-center/blob/master/CONTRIBUTING.md
FrenchBen/kitematic,FrenchBen/kitematic/blob/master/CONTRIBUTING.md
ipbrennan90/movesort-app,ipbrennan90/movesort-app/blob/master/CONTRIBUTING.md
mattzeunert/FromJS,mattzeunert/FromJS/blob/master/CONTRIBUTING.md
suhaotian/my-react-boilerplate,suhaotian/my-react-boilerplate/blob/master/CONTRIBUTING.md
rloomans/measure-mate,rloomans/measure-mate/blob/master/CONTRIBUTING.md
ozone-development/ozp-center,ozone-development/ozp-center/blob/master/CONTRIBUTING.md
bdefore/react-redux-universal-hot-example,bdefore/react-redux-universal-hot-example/blob/master/CONTRIBUTING.md
geminiyellow/tcomb-form,geminiyellow/tcomb-form/blob/master/CONTRIBUTING.md
rafmsou/keystone,rafmsou/keystone/blob/master/CONTRIBUTING.md
reichert621/log-book,reichert621/log-book/blob/master/CONTRIBUTING.md
twelch/kit-client-react,twelch/kit-client-react/blob/master/CONTRIBUTING.md
passcod/whio-2016,passcod/whio-2016/blob/master/CONTRIBUTING.md
ModuloM/kodokojo-ui,ModuloM/kodokojo-ui/blob/dev/CONTRIBUTING.md
kidaa/keystone,kidaa/keystone/blob/master/CONTRIBUTING.md
reactuate/reactuate,reactuate/reactuate/blob/master/CONTRIBUTING.md
onejgordon/cloud-memory,onejgordon/cloud-memory/blob/master/CONTRIBUTING.md
thm-projects/arsnova-flashcards,thm-projects/arsnova-flashcards/blob/master/CONTRIBUTING.md
bgrins/tofino,bgrins/tofino/blob/master/CONTRIBUTING.md
davesnx/vinerux,davesnx/vinerux/blob/master/CONTRIBUTING.md
lishiyo/listentothis,lishiyo/listentothis/blob/master/CONTRIBUTING.md
sars/appetini-front,sars/appetini-front/blob/master/CONTRIBUTING.md
akossebestyen/getrecd-client-redux,akossebestyen/getrecd-client-redux/blob/master/CONTRIBUTING.md
jhardin293/colorize,jhardin293/colorize/blob/master/CONTRIBUTING.md
Young55555/black-screen,Young55555/black-screen/blob/master/CONTRIBUTING.md
rexxars/react-components,rexxars/react-components/blob/master/CONTRIBUTING.md
zhjlty/react-devtools,zhjlty/react-devtools/blob/master/CONTRIBUTING.md
elbstack/elbstack-hackreact-web-3,elbstack/elbstack-hackreact-web-3/blob/master/CONTRIBUTING.md
mrblueblue/relay,mrblueblue/relay/blob/master/CONTRIBUTING.md
BrandyMint/uvedomi-proto,BrandyMint/uvedomi-proto/blob/master/CONTRIBUTING.md
FisherYu-CN/taifinance-rcp,FisherYu-CN/taifinance-rcp/blob/master/CONTRIBUTING.md
hakonrossebo/ciq-layout-composer,hakonrossebo/ciq-layout-composer/blob/master/CONTRIBUTING.md
ryantang333/react-boilerplate-test,ryantang333/react-boilerplate-test/blob/master/CONTRIBUTING.md
greynaert/black-screen,greynaert/black-screen/blob/master/CONTRIBUTING.md
riyadhalnur/keystone,riyadhalnur/keystone/blob/master/CONTRIBUTING.md
alfonsoperez/tessa,alfonsoperez/tessa/blob/master/CONTRIBUTING.md
mlem8/dev-challenge,mlem8/dev-challenge/blob/master/CONTRIBUTING.md
bertho-zero/react-redux-universal-hot-example,bertho-zero/react-redux-universal-hot-example/blob/master/CONTRIBUTING.md
ryantang333/dashboard-prototype,ryantang333/dashboard-prototype/blob/master/CONTRIBUTING.md
aleclarson/react-native,aleclarson/react-native/blob/unstable/CONTRIBUTING.md
jwoods1/xpress,jwoods1/xpress/blob/master/CONTRIBUTING.md
przeor/ReactC,przeor/ReactC/blob/develop/CONTRIBUTING.md
rgbkrk/nteract,rgbkrk/nteract/blob/master/CONTRIBUTING.md
rmwdeveloper/portfolio,rmwdeveloper/portfolio/blob/dev/CONTRIBUTING.md
johnnycx127/react-demo,johnnycx127/react-demo/blob/master/CONTRIBUTING.md
ekonstantinidis/react-native,ekonstantinidis/react-native/blob/master/CONTRIBUTING.md
francisar/kitematic_forWin10,francisar/kitematic_forWin10/blob/master/CONTRIBUTING.md
metabrainz/acousticbrainz-server,metabrainz/acousticbrainz-server/blob/master/CONTRIBUTING.md
bitemyapp/plaidchat,bitemyapp/plaidchat/blob/master/CONTRIBUTING.md
thangngoc89/react-base,thangngoc89/react-base/blob/master/CONTRIBUTING.md
pkorzinski/hrr18-doge-ui,pkorzinski/hrr18-doge-ui/blob/master/CONTRIBUTING.md
rwestweb/grommet,rwestweb/grommet/blob/master/CONTRIBUTING.md
apache/cordova-docs,apache/cordova-docs/blob/master/CONTRIBUTING.md
keen/explorer,keen/explorer/blob/master/CONTRIBUTING.md
chptung/telescope-version-2,chptung/telescope-version-2/blob/master/CONTRIBUTING.md
rui19921122/MeetingSystem,rui19921122/MeetingSystem/blob/master/CONTRIBUTING.md
pierlo-upitup/marathon-ui,pierlo-upitup/marathon-ui/blob/master/CONTRIBUTING.md
VIJAYCHARAN/MapStore2,VIJAYCHARAN/MapStore2/blob/master/CONTRIBUTING.md
atSistemas/react-base,atSistemas/react-base/blob/master/CONTRIBUTING.md
elbstack/react-redux-toolbox,elbstack/react-redux-toolbox/blob/master/CONTRIBUTING.md
Druddigon/react-redux-learn,Druddigon/react-redux-learn/blob/master/CONTRIBUTING.md
Biletnikoff/Car.ly,Biletnikoff/Car.ly/blob/master/CONTRIBUTING.md
Automattic/woocommerce-connect-client,Automattic/woocommerce-connect-client/blob/master/CONTRIBUTING.md
kerwynrg/company-crud-app,kerwynrg/company-crud-app/blob/master/CONTRIBUTING.md
TiagoJustino/grommet,TiagoJustino/grommet/blob/master/CONTRIBUTING.md
habibmasuro/black-screen,habibmasuro/black-screen/blob/master/CONTRIBUTING.md
ehd/react-native,ehd/react-native/blob/master/CONTRIBUTING.md
stoumpos/kitematic,stoumpos/kitematic/blob/master/CONTRIBUTING.md
ekeric13/Brainstorm,ekeric13/Brainstorm/blob/master/CONTRIBUTING.md
AdlerPlanetarium/pluto-poll,AdlerPlanetarium/pluto-poll/blob/master/CONTRIBUTING.md
trojanspike/react-native-web,trojanspike/react-native-web/blob/master/CONTRIBUTING.md
herereadthis/mariel,herereadthis/mariel/blob/master/CONTRIBUTING.md
jackinf/skynda.me,jackinf/skynda.me/blob/master/CONTRIBUTING.md
henryboldi/felony,henryboldi/felony/blob/master/CONTRIBUTING.md
murillo-panda/React-Todo-List,murillo-panda/React-Todo-List/blob/master/CONTRIBUTING.md
octavioturra/CampusWhy,octavioturra/CampusWhy/blob/master/CONTRIBUTING.md
robcalcroft/mondoweb,robcalcroft/mondoweb/blob/master/CONTRIBUTING.md
dwick/reddit-mobile,dwick/reddit-mobile/blob/master/CONTRIBUTING.md
simonvpe/borrkoll-react,simonvpe/borrkoll-react/blob/master/CONTRIBUTING.md
somethingnew2-0/react-data-grid,somethingnew2-0/react-data-grid/blob/master/CONTRIBUTING.md
alicoding/teach.mozilla.org,alicoding/teach.mozilla.org/blob/develop/CONTRIBUTING.md
sseppola/react-redux-universal-hot-example,sseppola/react-redux-universal-hot-example/blob/master/CONTRIBUTING.md
vmkcom/keystone,vmkcom/keystone/blob/master/CONTRIBUTING.md
yomolify/cc_material,yomolify/cc_material/blob/master/CONTRIBUTING.md
JordanMilne/reddit-mobile,JordanMilne/reddit-mobile/blob/master/CONTRIBUTING.md
accommodavid/spooky-react,accommodavid/spooky-react/blob/master/CONTRIBUTING.md
aschn/callisto-sample-project,aschn/callisto-sample-project/blob/master/CONTRIBUTING.md
DSchau/webpack-presentation,DSchau/webpack-presentation/blob/master/CONTRIBUTING.md
seanagibson/reserver-space,seanagibson/reserver-space/blob/master/CONTRIBUTING.md
yummies/core,yummies/core/blob/master/CONTRIBUTING.md
mscienski/stpauls,mscienski/stpauls/blob/master/CONTRIBUTING.md
PanJ/SimplerCityGlide,PanJ/SimplerCityGlide/blob/master/CONTRIBUTING.md
regenduft/kartevonmorgen,regenduft/kartevonmorgen/blob/master/CONTRIBUTING.md
rszczypka/swd-p2-transportation,rszczypka/swd-p2-transportation/blob/master/CONTRIBUTING.md
seriallos/hubot-stats-web,seriallos/hubot-stats-web/blob/master/CONTRIBUTING.md
DotCi/DotCi,DotCi/DotCi/blob/master/CONTRIBUTING.md
twelch/kit-client-react-intl-token-proxy,twelch/kit-client-react-intl-token-proxy/blob/master/CONTRIBUTING.md
captainill/react-redux-universal-hot-example,captainill/react-redux-universal-hot-example/blob/master/CONTRIBUTING.md
shayan786/gexercise,shayan786/gexercise/blob/master/CONTRIBUTING.md
asdofindia/teach.webmaker.org,asdofindia/teach.webmaker.org/blob/develop/CONTRIBUTING.md
aTseniklidou/Randix-Game,aTseniklidou/Randix-Game/blob/master/CONTRIBUTING.md
thepechinator/pp-test-heroku,thepechinator/pp-test-heroku/blob/master/CONTRIBUTING.md
synchu/schema,synchu/schema/blob/master/CONTRIBUTING.md
typing-war/typing-war,typing-war/typing-war/blob/master/CONTRIBUTING.md
spicyj/react-art,spicyj/react-art/blob/master/CONTRIBUTING.md
watonyweng/marathon-ui,watonyweng/marathon-ui/blob/master/CONTRIBUTING.md
ericsonmichaelj/fear-the-repo,ericsonmichaelj/fear-the-repo/blob/dev/CONTRIBUTING.md
Luandro-com/repsparta-web-app,Luandro-com/repsparta-web-app/blob/master/CONTRIBUTING.md
hedgerwang/react-devtools,hedgerwang/react-devtools/blob/master/CONTRIBUTING.md
Xantier/nerd-stack,Xantier/nerd-stack/blob/master/CONTRIBUTING.md
NathanBWaters/website,NathanBWaters/website/blob/master/CONTRIBUTING.md
CalebEverett/soulpurpose,CalebEverett/soulpurpose/blob/prod/CONTRIBUTING.md
brycehanscomb/semanticator,brycehanscomb/semanticator/blob/master/CONTRIBUTING.md
maadcodr/carshow,maadcodr/carshow/blob/master/CONTRIBUTING.md
levsero/planning-app-ui,levsero/planning-app-ui/blob/master/CONTRIBUTING.md
the1sky/keystone,the1sky/keystone/blob/master/CONTRIBUTING.md
ayal/jaar,ayal/jaar/blob/master/CONTRIBUTING.md
Lucifier129/react-bootstrap,Lucifier129/react-bootstrap/blob/master/CONTRIBUTING.md
Pomax/teach.webmaker.org,Pomax/teach.webmaker.org/blob/develop/CONTRIBUTING.md
multunus/moveit-ios,multunus/moveit-ios/blob/master/CONTRIBUTING.md
trentmillar/keystone,trentmillar/keystone/blob/master/CONTRIBUTING.md
